Latitude,Longitude,Elevation,startTime,formattedName,ChannelData
36.8097,-107.6517,1143.8,1.3758948E9,1NL_Navajo_Lake,"[[""PM2_5_mass"",-0.3,5.0],[""Ozone"",1.0,56.0]]"
34.8147,-106.7397,1489.6,1.3758948E9,2LL_Los_Lunas,"[[""PM2_5_mass"",-0.3,5.5],[""Ozone"",24.0,61.0]]"
34.6811,-92.3283,0.0,1.3758948E9,ADEQ_DSR,"[[""PM2_5_mass"",-4.0,47.5],[""Ozone"",0.0,55.0]]"
35.9803,-83.9306,0.0,1.3758948E9,AIR_LAB,"[[""PM2_5_mass"",-1.5,25.9]]"
42.6425,-73.7547,0.0,1.3758948E9,ALBNY,"[[""PM2_5_mass"",0.0,10.3]]"
42.2283,-83.2092,0.0,1.3758948E9,ALLEN_PARK,"[[""PM2_5_mass"",-0.1,19.6],[""Carbon_Monoxide"",0.14,0.35],[""Sulfur_Dioxde"",0.0,4.2],[""Ambient_Temperature"",16.1,29.2],[""Wind_Speed"",0.2,3.4],[""Wind_Direction"",2.6,359.8],[""Total_Reactive_Nitrogen"",7.8,48.7],[""Ozone"",0.0,53.0]]"
41.6708,-87.7325,0.0,1.3758948E9,ALSIP,"[[""PM2_5_mass"",2.9,20.6],[""Ozone"",0.0,67.0]]"
44.3069,-88.3956,0.0,1.3758948E9,APPLETON_AAL,"[[""PM2_5_mass"",-4.0,15.0],[""Ozone"",5.0,43.0]]"
39.9233,-77.3081,0.0,1.3758948E9,AREN,"[[""PM2_5_mass"",1.0,22.9]]"
38.448633,-90.39854,194.0,1.3758948E9,ARNOLD,"[[""Relative_Humidity"",45.0,98.0],[""Barometric_Pressure"",992.4,1001.8],[""Ambient_Temperature"",18.1,30.7],[""PM2_5_mass"",-0.9,20.0],[""Ozone"",5.0,54.0]]"
35.4511,-84.5992,0.0,1.3758948E9,ATHENS,"[[""PM2_5_mass"",2.2,16.3]]"
33.4333,-82.0219,46.1,1.3758948E9,AUGUSTA,"[[""PM2_5_mass"",3.7,17.6],[""Ambient_Temperature"",22.0,35.0],[""Wind_Speed"",0.1,2.0],[""Wind_Direction"",21.0,272.0],[""Relative_Humidity"",46.0,99.0],[""Barometric_Pressure"",1009.0,1014.0],[""Precipitation"",0.0,0.0],[""Ozone"",-2.0,60.0]]"
45.0061,-65.0,230.0,1.3758948E9,AYLESFORD_MOUNTAIN,"[[""Nitrogen_Dioxide_Computed_Nitrogen_Oxides_Nitric_Oxide_"",0.0,0.0],[""Nitric_Oxide"",-1.0,0.0],[""PM2_5_mass"",0.0,9.0],[""Ozone"",20.0,38.0]]"
49.021506,-122.326556,64.4,1.3758948E9,Abbotsford_Airport,"[[""Carbon_Monoxide"",0.06,0.17],[""Sulfur_Dioxde"",0.1,4.3],[""Nitric_Oxide"",0.4,7.7],[""PM2_5_mass"",2.0,9.0],[""PM10_mass"",6.3,22.0],[""Nitrogen_Dioxide_Computed_Nitrogen_Oxides_Nitric_Oxide_"",2.0,21.0],[""Ozone"",1.0,44.0]]"
46.9772,-123.8317,0.3,1.3758948E9,Aberdeen_Division_St,"[[""PM2_5_mass"",1.0,5.5]]"
38.076599,-78.503998,176.9,1.3758948E9,Albemarle_HS,"[[""PM2_5_mass"",5.6,11.6],[""Ozone"",8.0,40.0]]"
31.1679,-92.3969,21.4,1.3758948E9,Alexandria,"[[""PM2_5_mass"",5.0,61.0]]"
32.842297,-116.768326,622.5,1.3758948E9,Alpine,"[[""PM2_5_mass"",1.0,16.7],[""Ozone"",9.0,70.0]]"
39.478849,-84.407675,194.0,1.3758948E9,Amanda_Elementary,"[[""PM2_5_mass"",7.7,20.3],[""Wind_Speed"",0.3,2.6],[""Wind_Direction"",7.0,349.0],[""Sulfur_Dioxde"",1.0,14.0]]"
33.82,-117.913101,15.3,1.3758948E9,Anaheim,"[[""PM2_5_mass"",7.0,19.0],[""PM10_mass"",16.0,28.0],[""Ozone"",29.0,45.0]]"
40.4531,-122.2978,137.3,1.3758948E9,Anderson,"[[""PM2_5_mass"",9.2,32.5],[""Ozone"",1.0,55.0]]"
32.0036,-106.5992,1146.8,1.3758948E9,Anthony,"[[""PM10_mass"",-18.5,75.9],[""PM2_5_mass"",-4.8,21.9]]"
44.7383,-93.2372,0.0,1.3758948E9,Apple_Valley,"[[""PM2_5_mass"",0.0,23.0]]"
33.007801,-80.964996,36.9,1.3758948E9,Ashton,"[[""PM2_5_mass"",0.4,15.0],[""Ozone"",0.0,43.0]]"
35.4914,-120.6681,0.0,1.3758948E9,Atascadero,"[[""Nitrogen_Dioxide_Computed_Nitrogen_Oxides_Nitric_Oxide_"",1.0,6.0],[""Nitrogen_Oxides"",1.0,9.0],[""Nitric_Oxide"",0.0,4.0],[""PM10_mass"",0.0,18.0],[""Ambient_Temperature"",9.1,26.8],[""PM2_5_mass"",-3.0,15.0],[""Ozone"",1.0,35.0]]"
56.7328,-111.39,0.0,1.3758948E9,Athabasca_Valley,"[[""PM2_5_mass"",0.8,21.9],[""Ozone"",1.0,33.0]]"
33.925,-83.3575,0.0,1.3758948E9,Athens_FS_7,"[[""PM2_5_mass"",2.2,15.6],[""Ozone"",0.0,38.0]]"
47.949025,-116.710897,0.0,1.3758948E9,Athol_Neph,"[[""PM2_5_mass"",4.9,14.0]]"
38.937801,-121.103897,0.0,1.3758948E9,Auburn,"[[""PM2_5_mass"",0.0,13.0],[""Ozone"",17.0,55.0]]"
30.483168,-97.8723,317.2,1.3758948E9,Audubon_C38,"[[""PM2_5_mass"",6.4,39.8],[""Ambient_Temperature"",23.7,37.6],[""Solar_Radiation"",0.1,1016.3],[""Ozone"",10.0,48.0]]"
30.3542,-97.760002,256.2,1.3758948E9,Austin_Northwest_C3,"[[""Ambient_Temperature"",24.3,38.5],[""PM2_5_mass"",4.3,51.9],[""Ozone"",9.0,50.0]]"
27.7858,-82.74,0.0,1.3758948E9,Azalea,"[[""PM2_5_mass"",1.4,21.2],[""Nitrogen_Dioxide_Computed_Nitrogen_Oxides_Nitric_Oxide_"",1.0,12.0],[""Ozone"",10.0,53.0]]"
37.8714,-87.4633,0.0,1.3758948E9,BASKETT,"[[""PM2_5_mass"",0.0,16.4],[""Ozone"",4.0,57.0]]"
38.1372,-85.5783,0.0,1.3758948E9,BATES,"[[""PM2_5_mass"",3.4,35.7],[""Ozone"",5.0,56.0]]"
47.6094,-65.6333,29.9,1.3758948E9,BATHURST,"[[""Nitrogen_Dioxide_Computed_Nitrogen_Oxides_Nitric_Oxide_"",0.0,1.0],[""PM2_5_mass"",3.0,14.0],[""Ozone"",4.0,37.0]]"
43.5714,-83.8908,390.4,1.3758948E9,BAY_CITY,"[[""PM2_5_mass"",1.7,11.1],[""Ambient_Temperature"",13.1,28.3],[""Wind_Speed"",0.1,3.0],[""Wind_Direction"",9.2,347.8]]"
35.6075,-82.5833,640.2,1.3758948E9,BDED,"[[""PM2_5_mass"",2.6,17.1]]"
40.747799,-80.316704,0.0,1.3758948E9,BEAV,"[[""PM2_5_mass"",2.8,21.8],[""Ozone"",0.0,53.0]]"
38.656449,-90.198548,137.3,1.3758948E9,BLAIR_STREET,"[[""Elemental_Carbon_PM2_5"",0.0,0.0],[""Organic_Carbon_PM2_5_Not_Adjusted_for_Oxygen_and_Hydrogen_"",0.0,0.0],[""Relative_Humidity"",42.0,94.0],[""Nitric_Oxide"",-0.1,195.8],[""Total_Reactive_Nitrogen"",3.9,199.9],[""PM2_5_mass"",0.0,21.4],[""Barometric_Pressure"",958.7,1002.6],[""Ambient_Temperature"",19.4,33.4],[""Carbon_Monoxide"",0.15,0.55],[""Sulfur_Dioxde"",0.2,8.5],[""Black_Carbon_at_880_nm"",0.0,3.01],[""Second_Channel_of_Aethalometer_at_370_nm"",0.0,3.26],[""Solar_Radiation"",0.8,876.9],[""Ozone"",6.0,63.0]]"
41.2222,-88.1906,0.0,1.3758948E9,BRAIDWD,"[[""PM2_5_mass"",-0.2,24.5],[""Ozone"",3.0,53.0]]"
40.107201,-74.882202,0.0,1.3758948E9,BRIS,"[[""Wind_Speed"",0.0,2.8],[""Relative_Humidity"",41.1,98.5],[""Barometric_Pressure"",1010.4,1018.5],[""Solar_Radiation"",0.0,901.0],[""Precipitation"",0.0,12.2],[""PM2_5_mass"",0.8,15.1],[""Ozone"",6.0,56.0]]"
38.5425,-90.263603,137.9,1.3758948E9,BROADWAY_South_,"[[""PM2_5_mass"",-2.1,21.4],[""Ambient_Temperature"",19.7,31.3],[""Relative_Humidity"",41.0,95.0],[""Barometric_Pressure"",991.7,1001.6]]"
35.4356,-83.4436,560.3,1.3758948E9,BRYSON,"[[""Ambient_Temperature"",19.1,26.9],[""Relative_Humidity"",62.7,98.6],[""Solar_Radiation"",0.0,838.0],[""Precipitation"",0.0,0.3],[""PM2_5_mass"",3.1,5.3],[""Ozone"",0.0,34.0]]"
46.35,-72.4333,7.9,1.3758948E9,B_cancour_Ar_na_,"[[""PM2_5_mass"",0.0,13.0]]"
43.746944,-101.941109,730.5,1.3758948E9,Badlands,"[[""PM2_5_mass"",1.5,13.9],[""Ozone"",15.0,50.0]]"
44.798859,-68.769676,0.0,1.3758948E9,Bangor,"[[""PM2_5_mass"",-2.0,8.0]]"
41.463071,-82.114261,298.9,1.3758948E9,Barr_School,"[[""PM2_5_mass"",1.1,17.6]]"
44.3922,-79.3922,0.0,1.3758948E9,Barrie,"[[""PM2_5_mass"",2.0,15.0],[""Ozone"",4.0,42.0]]"
39.0828,-84.1441,110.7,1.3758948E9,Batavia,"[[""PM2_5_mass"",4.7,23.6],[""Wind_Speed"",0.3,4.4],[""Wind_Direction"",11.0,283.0],[""Ozone"",5.0,60.0]]"
29.7708,-95.0311,6.1,1.3758948E9,Baytown_C148,"[[""Ambient_Temperature"",25.3,36.6],[""PM2_5_mass"",3.5,35.7]]"
30.067316,-94.090912,6.1,1.3758948E9,Beaumont_Mary_C1050,"[[""PM2_5_mass"",3.0,43.7]]"
55.1964,-119.3967,0.0,1.3758948E9,Beaverlodge,"[[""PM2_5_mass"",8.4,20.4],[""Ozone"",5.0,38.0]]"
27.2906,-82.5072,0.0,1.3758948E9,Bee_Ridge,"[[""PM2_5_mass"",-0.7,21.2]]"
26.724167,-80.663055,0.0,1.3758948E9,Belle_Glade,"[[""PM2_5_mass"",0.7,24.4]]"
44.1503,-77.3956,0.0,1.3758948E9,Belleville,"[[""PM2_5_mass"",2.0,14.0],[""Ozone"",8.0,50.0]]"
48.762699,-122.440201,23.8,1.3758948E9,Bellingham_Yew_St_,"[[""PM2_5_mass"",0.9,11.6]]"
44.063916,-121.312554,1105.6,1.3758948E9,Bend_Pump_Station,"[[""PM2_5_mass"",7.5,20.7]]"
42.887501,-73.249702,0.0,1.3758948E9,Bennington,"[[""Wind_Speed"",0.3,2.7],[""Wind_Direction"",20.7,344.1],[""Relative_Humidity"",46.1,93.0],[""Barometric_Pressure"",982.1,992.0],[""Solar_Radiation"",1.5,437.9],[""PM2_5_mass"",-0.9,11.5],[""Ambient_Temperature"",9.1,27.7],[""Ozone"",5.0,51.0]]"
47.2986,-101.7669,630.1,1.3758948E9,Beulah_North,"[[""PM2_5_mass"",2.0,34.0],[""PM10_mass"",4.0,61.0],[""Ozone"",7.0,47.0]]"
29.3025,-103.178101,1052.3,1.3758948E9,Big_Bend_NP,"[[""Ambient_Temperature"",21.5,36.0],[""Relative_Humidity"",23.0,62.0],[""Solar_Radiation"",1.0,970.0],[""Precipitation"",0.0,3.1],[""PM2_5_mass"",0.1,23.2],[""Ozone"",26.0,57.0]]"
42.486668,-110.099167,2089.3,1.3758948E9,Big_Piney,"[[""Wind_Speed"",0.3,9.9],[""Relative_Humidity"",10.3,75.4],[""Solar_Radiation"",-1.0,949.0],[""Nitrogen_Oxides"",0.0,7.8],[""Nitric_Oxide"",-0.1,1.7],[""Precipitation"",0.0,0.0],[""PM10_mass"",6.0,31.0],[""PM2_5_mass"",1.0,8.0],[""Nitrogen_Dioxide_Computed_Nitrogen_Oxides_Nitric_Oxide_"",0.0,6.0],[""Ambient_Temperature"",5.4,27.4],[""Ozone"",10.0,59.0]]"
46.8253,-100.7681,580.1,1.3758948E9,Bismarck_Residential,"[[""PM2_5_mass"",0.0,20.0],[""PM10_mass"",3.0,30.0],[""Ozone"",10.0,44.0]]"
45.1425,-93.2139,0.0,1.3758948E9,Blaine,"[[""PM2_5_mass"",0.0,16.0],[""Nitrogen_Dioxide_Computed_Nitrogen_Oxides_Nitric_Oxide_"",0.0,21.0],[""Nitric_Oxide"",0.0,57.0],[""Nitrogen_Oxides"",0.0,70.0],[""PM10_mass"",6.0,33.0],[""Ozone"",0.0,45.0]]"
39.159372,-86.504747,250.1,1.3758948E9,Bloomington,"[[""PM2_5_mass"",4.7,16.7]]"
39.047911,-94.450513,292.8,1.3758948E9,Blue_Ridge_I_70,"[[""Barometric_Pressure"",976.4,988.8],[""Nitrogen_Dioxide_Computed_Nitrogen_Oxides_Nitric_Oxide_"",2.0,25.0],[""Carbon_Monoxide"",0.11,1.12],[""Relative_Humidity"",44.8,96.6],[""PM2_5_mass"",-2.4,16.0],[""Nitrogen_Oxides"",2.0,110.5],[""Nitric_Oxide"",-1.1,88.8],[""Precipitation"",0.0,0.0],[""Ambient_Temperature"",19.0,31.4],[""Solar_Radiation"",0.9,1007.0]]"
30.8475,-85.6044,0.0,1.3758948E9,Bonifay,"[[""PM2_5_mass"",3.7,15.6],[""Ozone"",0.0,42.0]]"
42.3631,-71.0542,0.0,1.375938E9,Boston_North_End,"[[""PM2_5_mass"",0.8,18.2]]"
42.329399,-71.082497,0.0,1.3758948E9,Boston_Roxbury,"[[""Nitrogen_Dioxide_Computed_Nitrogen_Oxides_Nitric_Oxide_"",3.0,21.0],[""PM2_5_mass"",2.7,13.2],[""Carbon_Monoxide"",0.12,0.31],[""Sulfur_Dioxde"",0.3,0.6],[""Barometric_Pressure"",1007.7,1019.7],[""Solar_Radiation"",5.0,859.0],[""Total_Reactive_Nitrogen"",3.5,34.1],[""Nitrogen_Oxides"",3.0,32.0],[""Ambient_Temperature"",17.0,28.0],[""Wind_Speed"",0.8,3.1],[""Wind_Direction"",86.0,289.0],[""Relative_Humidity"",31.0,88.0],[""Ozone"",6.0,50.0]]"
46.3944,-94.1433,0.0,1.3758948E9,Brainerd,"[[""PM2_5_mass"",0.0,13.0],[""Ozone"",1.0,33.0]]"
38.65643,-90.18977,128.7,1.3758948E9,Branch_Street,"[[""Ambient_Temperature"",21.3,33.2],[""Relative_Humidity"",43.0,93.0],[""Barometric_Pressure"",994.0,1007.0],[""PM2_5_mass"",3.2,21.9],[""PM10_mass"",9.0,97.0]]"
43.1403,-80.2961,0.0,1.3758948E9,Brantford,"[[""PM2_5_mass"",2.0,17.0],[""Ozone"",6.0,53.0]]"
47.592675,-122.627397,77.8,1.3758948E9,Bremerton_Spruce_Ave,"[[""PM2_5_mass"",0.0,5.7]]"
41.171398,-73.195297,0.0,1.3758948E9,Bridgeport,"[[""Carbon_Monoxide"",0.17,0.52],[""Ambient_Temperature"",16.3,29.3],[""PM2_5_mass"",4.0,35.0]]"
39.46487,-74.448738,4.9,1.3758948E9,Brigantine,"[[""Sulfur_Dioxde"",0.0,1.1],[""PM2_5_mass"",-2.0,17.9],[""Ozone"",10.0,50.0]]"
41.492802,-112.0187,1342.6,1.3758948E9,Brigham_City,"[[""PM2_5_mass"",2.8,66.8],[""Wind_Speed"",1.1,13.5],[""Wind_Direction"",5.0,326.0],[""Ambient_Temperature"",19.4,33.7],[""Ozone"",23.0,76.0]]"
25.8925,-97.4936,6.1,1.3758948E9,Brownsville_C80,"[[""PM2_5_mass"",2.7,40.3],[""Ambient_Temperature"",26.2,34.4],[""Solar_Radiation"",0.2,945.1],[""Ozone"",7.0,30.0]]"
53.800117,-112.927795,0.0,1.3758948E9,Bruderheim,"[[""PM2_5_mass"",3.3,32.5],[""PM10_mass"",6.0,45.5],[""Nitrogen_Dioxide_Computed_Nitrogen_Oxides_Nitric_Oxide_"",1.0,7.0],[""Sulfur_Dioxde"",0.0,3.0],[""Ozone"",2.0,33.0]]"
35.889402,-78.8747,91.5,1.3758948E9,Burdens_Creek,"[[""Total_Reactive_Nitrogen"",1.2,6.6],[""Nitric_Oxide"",-0.2,1.1],[""PM10_mass"",8.4,19.0],[""Black_Carbon_at_880_nm"",0.1,0.47],[""Barometric_Pressure"",1003.0,1006.0],[""PM2_5_mass"",5.5,15.2],[""Ambient_Temperature"",22.0,31.7],[""Relative_Humidity"",51.0,94.0],[""Solar_Radiation"",0.0,802.0],[""Carbon_Monoxide"",0.11,0.19],[""Sulfur_Dioxde"",0.0,0.9],[""Ozone"",4.0,48.0]]"
44.476101,-73.210297,0.0,1.3758948E9,Burlington,"[[""PM2_5_mass"",2.5,14.2],[""Nitrogen_Dioxide_Computed_Nitrogen_Oxides_Nitric_Oxide_"",0.0,12.0],[""Carbon_Monoxide"",0.2,0.6],[""Ambient_Temperature"",17.7,29.6],[""Wind_Speed"",0.7,3.8],[""Wind_Direction"",154.3,316.0],[""Relative_Humidity"",37.1,86.7],[""Barometric_Pressure"",1000.4,1010.0],[""Solar_Radiation"",13.3,799.5]]"
33.8825,-97.275803,0.0,1.3758948E9,Burneyville,"[[""PM2_5_mass"",4.4,30.9],[""Ozone"",5.0,58.0]]"
45.9533,-67.4778,0.0,1.3759092E9,CANTERBURY,"[[""PM2_5_mass"",0.0,32.0],[""Ozone"",6.0,26.0]]"
40.2464,-77.1867,150.1,1.3758948E9,CARL,"[[""PM2_5_mass"",0.5,23.5]]"
41.6031,-93.643303,282.1,1.3758948E9,CARPENTER,"[[""PM2_5_mass"",1.0,20.0],[""Ozone"",1.0,46.0]]"
42.2211,-88.2411,0.0,1.3758948E9,CARY,"[[""PM2_5_mass"",2.7,18.8],[""Ozone"",2.0,49.0]]"
34.3561,-77.8617,4.9,1.3758948E9,CASTLE_H,"[[""PM2_5_mass"",-4.6,11.8],[""Ozone"",0.0,42.0]]"
45.2803,-66.0561,29.9,1.3758948E9,CASTLE_ST_SAINT_JO,"[[""PM2_5_mass"",2.0,15.0]]"
40.8197,-73.9481,0.0,1.3758948E9,CCNY,"[[""PM2_5_mass"",0.7,14.9],[""Ozone"",5.0,46.0]]"
40.1469,-79.9033,0.0,1.3758948E9,CHAR,"[[""PM2_5_mass"",0.0,24.8],[""Ozone"",0.0,60.0]]"
36.3028,-79.4667,241.0,1.3758948E9,CHERRYGR,"[[""PM2_5_mass"",5.4,24.8],[""Ozone"",6.0,41.0]]"
39.8356,-75.3725,0.0,1.3758948E9,CHES,"[[""PM2_5_mass"",0.0,17.6],[""Wind_Speed"",1.2,5.2],[""Relative_Humidity"",40.0,88.7],[""Barometric_Pressure"",1011.7,1019.2],[""Solar_Radiation"",0.0,778.0],[""Precipitation"",0.0,2.8],[""Ozone"",12.0,50.0]]"
42.5047,-87.8111,0.0,1.3758948E9,CHIWAUKEE,"[[""PM2_5_mass"",0.0,16.0],[""Ambient_Temperature"",13.8,25.6],[""Wind_Speed"",0.5,6.3],[""Wind_Direction"",4.0,354.0],[""Ozone"",1.0,66.0]]"
41.7547,-87.7136,0.0,1.3758948E9,CHI_COM,"[[""PM2_5_mass"",1.2,19.7],[""Ozone"",0.0,61.0]]"
41.9136,-87.7239,0.0,1.3758948E9,CHI_SP,"[[""PM2_5_mass"",2.9,16.9]]"
33.8017,-86.9425,0.0,1.3758948E9,CORNER,"[[""PM2_5_mass"",-3.0,34.4],[""Ozone"",9.0,70.0]]"
29.275299,-98.311699,140.3,1.3758948E9,Calaveras_Lake_C59,"[[""Ambient_Temperature"",23.8,41.0],[""PM2_5_mass"",4.3,50.6],[""Ozone"",5.0,48.0]]"
51.0814,-114.1403,0.0,1.3758948E9,Calgary_Northwest,"[[""Nitrogen_Dioxide_Computed_Nitrogen_Oxides_Nitric_Oxide_"",1.0,15.0],[""Carbon_Monoxide"",0.07,0.21],[""PM2_5_mass"",1.5,15.6],[""Ozone"",3.0,43.0]]"
33.217026,-117.396156,16.2,1.3758948E9,Camp_Pendleton,"[[""PM2_5_mass"",1.2,15.9],[""Ozone"",9.0,39.0]]"
38.2286,-85.6544,164.1,1.3758948E9,Cannons_Lane,"[[""PM10_mass"",9.3,32.1],[""PM2_5_mass"",5.6,29.3],[""Ozone"",0.0,53.0]]"
40.800797,-81.372853,298.9,1.3758948E9,Canton,"[[""PM2_5_mass"",6.5,13.0]]"
32.941002,-79.656998,6.7,1.3758948E9,Cape_Romain,"[[""Wind_Speed"",0.0,3.2],[""Nitrogen_Dioxide_Computed_Nitrogen_Oxides_Nitric_Oxide_"",0.0,1.0],[""PM2_5_mass"",2.2,12.5],[""Sulfur_Dioxde"",0.0,1.0],[""Ozone"",1.0,37.0]]"
30.4622,-91.1769,0.0,1.3758948E9,Capital,"[[""PM2_5_mass"",2.9,35.2],[""Ozone"",1.0,68.0]]"
32.38,-104.2622,780.8,1.3758948E9,Carlsbad,"[[""PM2_5_mass"",0.1,12.7],[""Ozone"",10.0,57.0]]"
36.483299,-121.731903,200.1,1.3758948E9,Carmel_Valley_AMS,"[[""Ambient_Temperature"",7.9,20.4],[""Wind_Speed"",0.5,5.5],[""PM2_5_mass"",-3.0,11.0],[""Wind_Direction"",64.0,340.0],[""Ozone"",2.0,33.0]]"
51.95,-114.7,0.0,1.3758948E9,Caroline,"[[""PM2_5_mass"",4.0,20.8],[""Ozone"",2.0,45.0]]"
38.7703,-99.7636,0.0,1.3758948E9,Cedrbluf,"[[""PM2_5_mass"",1.7,11.0],[""Ozone"",7.0,50.0]]"
29.9431,-89.9761,0.0,1.3758948E9,Chalmette_Vista,"[[""Sulfur_Dioxde"",0.8,23.3],[""PM2_5_mass"",1.8,31.6]]"
31.7656,-106.455,1122.4,1.3758948E9,Chamizal_C41,"[[""Ambient_Temperature"",23.2,34.4],[""Relative_Humidity"",14.2,63.5],[""Solar_Radiation"",0.0,971.5],[""PM2_5_mass"",-2.0,19.0],[""Ozone"",11.0,53.0]]"
42.4033,-82.2086,14.9,1.3758948E9,Chatham,"[[""PM2_5_mass"",2.0,18.0],[""Ozone"",12.0,53.0]]"
48.2867,-124.6203,466.7,1.3758948E9,Cheeka_Peak,"[[""PM2_5_mass"",0.9,3.1],[""Ambient_Temperature"",10.0,17.5],[""Wind_Speed"",2.1,5.6],[""Wind_Direction"",52.4,287.0],[""Barometric_Pressure"",719.0,723.0],[""Carbon_Monoxide"",0.05,0.06],[""Ozone"",7.0,24.0]]"
46.664089,-122.967323,68.9,1.3758948E9,Chehalis_Market_Blvd,"[[""PM2_5_mass"",1.7,5.4]]"
47.83861,-120.02306,327.0,1.3758948E9,Chelan_Woodin_Ave,"[[""PM2_5_mass"",2.3,16.0]]"
45.60185,-73.54197,13.1,1.3758948E9,Chenier,"[[""PM2_5_mass"",1.9,19.9],[""Nitrogen_Dioxide_Computed_Nitrogen_Oxides_Nitric_Oxide_"",1.0,36.0]]"
40.301899,-121.235001,0.0,1.3761252E9,Chester_BAM,"[[""PM2_5_mass"",10.0,17.0],[""Wind_Speed"",0.2,0.4],[""Wind_Direction"",281.8,293.2]]"
41.18222,-104.778336,1866.0,1.3758948E9,Cheyenne_,"[[""Relative_Humidity"",31.5,99.0],[""Solar_Radiation"",0.0,984.0],[""Nitric_Oxide"",-0.8,0.5],[""Precipitation"",0.0,0.0],[""PM2_5_mass"",-4.0,9.0],[""PM10_mass"",2.0,35.0],[""Nitrogen_Dioxide_Computed_Nitrogen_Oxides_Nitric_Oxide_"",2.0,10.0],[""Sulfur_Dioxde"",0.9,3.0],[""Total_Reactive_Nitrogen"",1.3,9.8],[""Ambient_Temperature"",9.0,23.0],[""Wind_Speed"",0.9,9.5],[""Ozone"",20.0,57.0]]"
39.76161,-121.84048,62.8,1.3758948E9,Chico_East,"[[""Carbon_Monoxide"",0.05,0.18],[""Nitrogen_Dioxide_Computed_Nitrogen_Oxides_Nitric_Oxide_"",3.0,11.0],[""Nitrogen_Oxides"",2.9,11.1],[""Nitric_Oxide"",-0.1,4.1],[""PM2_5_mass"",-3.0,18.0],[""Ozone"",7.0,48.0]]"
32.2953,-110.9822,0.0,1.3758948E9,Children_s_Park_Site,"[[""PM2_5_mass"",1.0,11.0],[""Ozone"",5.0,57.0]]"
41.0604,-81.9239,0.0,1.3758948E9,Chippewa_Lake,"[[""PM2_5_mass"",-1.3,35.7],[""Ozone"",5.0,44.0]]"
29.9933,-90.1014,1.5,1.3758948E9,City_Park,"[[""PM2_5_mass"",1.5,29.4],[""Ozone"",0.0,51.0]]"
46.425598,-117.059799,250.1,1.3758948E9,Clarkston_13th_St,"[[""PM2_5_mass"",7.4,83.4]]"
36.0261,-80.3419,248.9,1.3758948E9,Clemmons_Middle,"[[""PM2_5_mass"",5.6,24.7],[""Ozone"",3.0,45.0]]"
29.7339,-95.2575,6.1,1.3758948E9,Clinton_C403,"[[""PM2_5_mass"",5.4,46.7],[""Ambient_Temperature"",26.1,36.1],[""Relative_Humidity"",34.7,85.8],[""Barometric_Pressure"",1010.6,1017.5],[""Solar_Radiation"",0.4,900.8],[""Precipitation"",0.0,0.0],[""Ozone"",0.0,47.0]]"
41.823101,-90.211899,0.0,1.3758948E9,Clinton_Chancy_Park,"[[""Sulfur_Dioxde"",0.0,14.1],[""Ambient_Temperature"",15.8,28.9],[""Relative_Humidity"",43.4,94.0],[""Barometric_Pressure"",989.0,999.0],[""PM2_5_mass"",2.6,21.6]]"
32.3806,-111.1272,0.0,1.3758948E9,Coachline,"[[""PM2_5_mass"",0.2,11.4],[""Ozone"",2.0,53.0]]"
54.4138,-110.2331,0.0,1.3758948E9,Cold_Lake_South,"[[""PM2_5_mass"",-2.1,19.5],[""Ozone"",-1.0,37.0]]"
39.1003,-120.9528,0.0,1.3758948E9,Colfax,"[[""PM2_5_mass"",-3.0,15.0],[""Ozone"",17.0,56.0]]"
38.848,-104.8286,1571.1,1.3758984E9,Colorado_College,"[[""PM2_5_mass"",0.0,6.8]]"
40.924606,-75.067825,146.1,1.3758948E9,Columbia,"[[""Nitric_Oxide"",0.0,66.0],[""Ambient_Temperature"",13.3,26.7],[""Relative_Humidity"",52.1,93.0],[""Barometric_Pressure"",993.5,1001.6],[""Wind_Speed"",0.3,3.6],[""Wind_Direction"",46.0,313.0],[""PM2_5_mass"",0.3,13.7],[""Sulfur_Dioxde"",0.0,0.0],[""Nitrogen_Dioxide_Computed_Nitrogen_Oxides_Nitric_Oxide_"",1.0,22.0],[""Nitrogen_Oxides"",1.0,85.0],[""Ozone"",0.0,51.0]]"
32.5214,-84.9436,0.0,1.3758948E9,Columbus_Airport,"[[""PM2_5_mass"",0.6,15.6],[""Ozone"",2.0,40.0]]"
48.5447,-117.9036,542.3,1.3758948E9,Colville_Oak_St_S,"[[""PM2_5_mass"",5.3,19.2],[""Ambient_Temperature"",14.1,33.8],[""Wind_Direction"",15.7,359.3],[""PM10_mass"",-1.2,141.7]]"
37.9383,-122.025,0.0,1.3758948E9,Concord,"[[""PM2_5_mass"",-1.0,10.0],[""Ambient_Temperature"",12.6,29.8],[""Sulfur_Dioxde"",1.1,2.1],[""Wind_Speed"",1.4,4.0],[""Wind_Direction"",190.8,291.4],[""Relative_Humidity"",30.0,85.7],[""Ozone"",2.0,62.0]]"
33.7206,-84.3578,0.0,1.3758948E9,Confederate_Ave,"[[""PM2_5_mass"",2.5,14.2],[""Wind_Speed"",0.0,1.2],[""Wind_Direction"",0.0,273.0],[""Ozone"",0.0,45.0]]"
30.3503,-95.425,42.7,1.3758948E9,Conroe_Relocated_C78,"[[""Solar_Radiation"",0.0,940.4],[""PM2_5_mass"",5.4,44.5],[""Ambient_Temperature"",23.1,37.2],[""Ozone"",0.0,69.0]]"
45.0294,-74.7394,0.0,1.3758948E9,Cornwall,"[[""PM2_5_mass"",-3.0,18.0],[""PM10_mass"",1.0,24.0],[""Solar_Radiation"",1.5,190.8],[""Sulfur_Dioxde"",0.0,0.7],[""Ambient_Temperature"",-4.8,24.0],[""Wind_Speed"",1.2,4.3],[""Wind_Direction"",3.3,357.7],[""Barometric_Pressure"",952.5,963.2],[""Nitrogen_Dioxide_Computed_Nitrogen_Oxides_Nitric_Oxide_"",0.0,4.0],[""Carbon_Monoxide"",0.1,0.19],[""Nitrogen_Oxides"",1.6,5.0],[""Nitric_Oxide"",1.1,1.4],[""Ozone"",5.0,69.0]]"
32.0319,-96.3992,128.1,1.3758948E9,Corsicana_C1051,"[[""PM2_5_mass"",3.5,49.1],[""Ambient_Temperature"",24.8,38.6],[""Relative_Humidity"",23.1,82.2],[""Ozone"",10.0,61.0]]"
40.644699,-111.849701,1343.5,1.3759812E9,Cottonwood,"[[""PM2_5_mass"",6.7,43.2]]"
45.300884,-117.812896,882.4,1.3758948E9,Cove_City_Hall,"[[""PM2_5_mass"",7.2,16.7],[""Wind_Speed"",1.0,5.0]]"
44.087397,-103.273777,0.0,1.3758948E9,Credit_Union,"[[""PM2_5_mass"",1.2,13.8]]"
49.0944,-116.5125,609.4,1.3758948E9,Creston_PC_School,"[[""PM2_5_mass"",1.5,10.2]]"
37.318439,-122.069702,0.0,1.3758948E9,Cupertino,"[[""PM2_5_mass"",-1.0,12.0],[""Ozone"",5.0,30.0]]"
42.3075,-83.15,390.4,1.3758948E9,DEARBORN,"[[""Wind_Speed"",0.1,3.8],[""Wind_Direction"",1.1,356.5],[""PM2_5_mass"",1.5,39.5],[""PM10_mass"",-4.5,57.4],[""Ambient_Temperature"",16.3,28.9]]"
34.5286,-86.9706,0.0,1.3758948E9,DECATUR,"[[""PM2_5_mass"",2.1,30.7],[""Ozone"",0.0,46.0]]"
35.3692,-77.9939,32.9,1.3758948E9,DILLARD,"[[""PM2_5_mass"",2.6,50.4]]"
36.0528,-89.3819,0.0,1.3758948E9,DYERTEOM,"[[""PM2_5_mass"",1.6,30.7]]"
41.4014,-73.4447,0.0,1.3758948E9,Danbury,"[[""Ambient_Temperature"",14.5,27.6],[""Wind_Speed"",0.9,4.0],[""Wind_Direction"",129.7,354.4],[""PM2_5_mass"",2.0,24.0],[""Ozone"",8.0,57.0]]"
46.318,-117.985,464.2,1.3758948E9,Dayton_W_Main,"[[""PM2_5_mass"",5.1,14.1]]"
35.1353,-106.584702,1590.0,1.3758948E9,Del_Norte,"[[""Sulfur_Dioxde"",0.6,1.0],[""PM10_mass"",4.1,38.4],[""PM2_5_mass"",-1.0,14.3],[""Nitrogen_Dioxide_Computed_Nitrogen_Oxides_Nitric_Oxide_"",3.0,12.0],[""Ozone"",27.0,55.0]]"
38.739213,-108.073118,1511.9,1.3758948E9,Delta,"[[""PM2_5_mass"",1.0,11.0]]"
31.7961,-106.5839,1220.0,1.3758948E9,Desert_View,"[[""PM2_5_mass"",1.3,18.2],[""Ozone"",22.0,54.0]]"
46.8511,-95.8467,0.0,1.3758948E9,Detroit_Lakes,"[[""PM2_5_mass"",0.0,7.0],[""Ozone"",6.0,37.0]]"
43.4356,-89.6803,0.0,1.3758948E9,Devils_Lake,"[[""Ambient_Temperature"",10.1,25.6],[""Wind_Speed"",0.3,2.1],[""Wind_Direction"",18.0,357.0],[""PM2_5_mass"",-1.0,18.0],[""PM10_mass"",2.0,26.0],[""Ozone"",10.0,40.0]]"
40.7142,-73.995,0.0,1.3758948E9,Division_Street,"[[""PM2_5_mass"",-4.2,23.5]]"
45.2211,-78.9314,0.0,1.3758948E9,Dorset,"[[""PM2_5_mass"",2.0,15.0],[""Ozone"",1.0,49.0]]"
47.320301,-102.526398,683.2,1.3758948E9,Dunn_Center,"[[""PM2_5_mass"",-2.0,26.0],[""PM10_mass"",1.0,119.0],[""Ozone"",0.0,51.0]]"
33.4265,-112.1181,316.9,1.3758948E9,Durango,"[[""PM2_5_mass"",-4.0,4.0],[""PM10_mass"",11.0,81.0],[""Wind_Speed"",0.0,3.6],[""Wind_Direction"",48.0,343.0]]"
35.9919,-78.8964,118.0,1.3758948E9,Durham_Armory,"[[""PM2_5_mass"",3.8,12.4],[""Sulfur_Dioxde"",0.0,0.8],[""Ozone"",0.0,46.0]]"
37.695801,-94.037498,294.3,1.3758948E9,ELDOSPGS,"[[""Ambient_Temperature"",18.2,29.9],[""Barometric_Pressure"",975.8,984.5],[""PM2_5_mass"",-1.3,15.0],[""Relative_Humidity"",63.0,98.0],[""Ozone"",13.0,47.0]]"
42.1428,-80.0372,0.0,1.3758948E9,ERIE,"[[""PM2_5_mass"",5.0,28.6],[""Ozone"",2.0,50.0]]"
37.7064,-85.8517,0.0,1.3758948E9,ETOWN2,"[[""PM2_5_mass"",-2.0,22.8],[""Ozone"",8.0,53.0]]"
28.704607,-100.451155,253.2,1.3758948E9,Eagle_Pass_C319,"[[""Ambient_Temperature"",26.4,41.4],[""PM2_5_mass"",2.2,35.1]]"
41.7847,-72.6297,0.0,1.3758948E9,East_Hartford,"[[""Wind_Direction"",36.6,345.7],[""Nitrogen_Oxides"",4.0,13.2],[""Nitric_Oxide"",2.3,4.5],[""PM2_5_mass"",-2.0,8.0],[""Nitrogen_Dioxide_Computed_Nitrogen_Oxides_Nitric_Oxide_"",2.0,11.0],[""Carbon_Monoxide"",0.1,0.28],[""Sulfur_Dioxde"",0.1,0.9],[""Ambient_Temperature"",12.5,27.9],[""Wind_Speed"",0.3,2.4],[""Ozone"",10.0,56.0]]"
41.063526,-81.468956,0.0,1.3758948E9,East_High_School,"[[""Sulfur_Dioxde"",-1.0,3.0],[""PM2_5_mass"",6.1,43.3]]"
38.611893,-90.160614,123.8,1.3758948E9,East_St_Louis,"[[""PM2_5_mass"",0.7,25.4],[""Ozone"",1.0,64.0]]"
44.761398,-91.413002,0.0,1.3758948E9,Eau_Claire,"[[""PM2_5_mass"",-2.0,8.0],[""Wind_Speed"",0.4,3.3],[""Wind_Direction"",10.0,355.0],[""Ozone"",0.0,41.0]]"
39.41,-76.2967,8.5,1.3758948E9,Edgewood,"[[""Ambient_Temperature"",18.3,28.3],[""Wind_Speed"",0.1,4.6],[""Wind_Direction"",17.0,320.0],[""Relative_Humidity"",52.0,94.0],[""Barometric_Pressure"",1010.0,1016.0],[""Precipitation"",0.0,15.5],[""PM2_5_mass"",5.0,22.0],[""Ozone"",2.0,60.0]]"
53.5453,-113.4992,0.0,1.3758948E9,Edmonton_Central,"[[""PM2_5_mass"",1.0,28.0],[""Nitrogen_Dioxide_Computed_Nitrogen_Oxides_Nitric_Oxide_"",3.0,27.0],[""Carbon_Monoxide"",0.2,0.7],[""Ozone"",4.0,35.0]]"
53.5472,-113.3681,0.0,1.3758948E9,Edmonton_East,"[[""PM2_5_mass"",5.0,27.0],[""Nitrogen_Dioxide_Computed_Nitrogen_Oxides_Nitric_Oxide_"",3.0,20.0],[""Carbon_Monoxide"",0.3,0.5],[""Sulfur_Dioxde"",0.0,15.0],[""Ozone"",3.0,32.0]]"
53.5028,-113.6111,0.0,1.3758948E9,Edmonton_South,"[[""Carbon_Monoxide"",0.2,0.8],[""Sulfur_Dioxde"",0.0,15.0],[""PM2_5_mass"",1.0,21.0],[""PM10_mass"",5.0,52.0],[""Nitrogen_Dioxide_Computed_Nitrogen_Oxides_Nitric_Oxide_"",2.0,22.0],[""Ozone"",5.0,38.0]]"
40.7447,-73.5869,0.0,1.3758948E9,Eisenhower_Park,"[[""PM2_5_mass"",-0.8,13.3]]"
33.215,-92.6689,0.0,1.3758948E9,El_Dorado,"[[""PM2_5_mass"",4.1,36.3]]"
31.768056,-106.501111,1159.0,1.3758948E9,El_Paso_UTEP_C12,"[[""Ambient_Temperature"",22.8,33.7],[""Relative_Humidity"",15.6,57.5],[""Solar_Radiation"",0.4,914.6],[""Precipitation"",0.0,0.0],[""PM2_5_mass"",2.2,12.2],[""PM10_mass"",12.9,35.8],[""Ozone"",14.0,53.0]]"
40.641441,-74.208366,4.9,1.3758948E9,Elizabeth_Trailer,"[[""Carbon_Monoxide"",0.3,0.7],[""Sulfur_Dioxde"",0.0,2.0],[""Wind_Speed"",0.2,2.6],[""Wind_Direction"",4.0,313.0],[""Nitrogen_Oxides"",4.0,114.0],[""Nitric_Oxide"",0.0,77.0],[""PM2_5_mass"",1.7,27.5],[""Nitrogen_Dioxide_Computed_Nitrogen_Oxides_Nitric_Oxide_"",3.0,38.0]]"
38.302591,-121.420838,6.4,1.3758948E9,Elk_Grove,"[[""Barometric_Pressure"",1009.0,1016.0],[""Solar_Radiation"",1.0,936.0],[""Nitrogen_Oxides"",0.0,5.0],[""Nitric_Oxide"",0.0,1.0],[""PM2_5_mass"",0.0,12.0],[""Nitrogen_Dioxide_Computed_Nitrogen_Oxides_Nitric_Oxide_"",0.0,5.0],[""Ambient_Temperature"",12.7,30.1],[""Wind_Speed"",0.6,7.8],[""Wind_Direction"",119.0,268.0],[""Ozone"",5.0,46.0]]"
53.6825,-112.8686,0.0,1.3758948E9,Elk_Island,"[[""PM2_5_mass"",1.3,26.2],[""Ozone"",15.0,36.0]]"
41.656944,-85.96833,233.0,1.3758948E9,Elkhart_Prairie_St_,"[[""Black_Carbon_at_880_nm"",0.51,5.63],[""PM2_5_mass"",6.2,34.7]]"
46.9936,-120.545,500.2,1.3758948E9,Ellensburg_Ruby_St,"[[""PM2_5_mass"",2.1,17.4]]"
47.9464,-91.4953,0.0,1.3758948E9,Ely,"[[""PM2_5_mass"",0.0,8.0],[""Ozone"",7.0,27.0]]"
43.123299,-94.693298,0.0,1.3758948E9,Emmetsburg_ILCC,"[[""Ambient_Temperature"",11.6,24.7],[""Barometric_Pressure"",969.9,977.1],[""PM2_5_mass"",3.0,13.8],[""Ozone"",3.0,44.0]]"
41.644067,-83.54625,298.9,1.3758948E9,Erie,"[[""Wind_Speed"",-0.1,3.0],[""Wind_Direction"",14.0,345.0],[""PM2_5_mass"",1.8,18.5],[""Ozone"",-1.0,34.0]]"
33.127712,-117.075325,200.1,1.3758948E9,Escondido,"[[""PM2_5_mass"",5.2,20.6],[""Ozone"",6.0,50.0]]"
44.0264,-123.0822,137.3,1.3758948E9,Eugene_Amazon_Park,"[[""PM2_5_mass"",0.7,8.2],[""Ozone"",0.0,44.0]]"
44.067223,-123.14135,129.0,1.3758948E9,Eugene_Highway_99,"[[""PM2_5_mass"",1.4,7.7]]"
40.287529,-74.80777,54.0,1.3758948E9,Ewing,"[[""PM2_5_mass"",-0.9,22.7]]"
38.4592,-82.6339,0.0,1.3758948E9,FIVCO,"[[""PM2_5_mass"",2.1,12.8],[""Ozone"",0.0,44.0]]"
43.0289,-83.669403,0.0,1.3758948E9,FLINT,"[[""PM2_5_mass"",2.6,34.7],[""Ambient_Temperature"",14.0,28.5],[""Wind_Speed"",0.1,3.2],[""Wind_Direction"",0.4,359.5],[""Ozone"",2.0,56.0]]"
40.4447,-80.42,0.0,1.3758948E9,FLOR,"[[""PM2_5_mass"",0.6,41.2],[""Ozone"",1.0,56.0]]"
45.3092,-66.0092,57.0,1.3758948E9,FOREST_HILLS,"[[""PM2_5_mass"",0.0,9.0],[""Ozone"",17.0,37.0]]"
38.771702,-77.108902,68.0,1.3758948E9,FRANCONIA,"[[""PM2_5_mass"",5.6,18.6],[""Ozone"",13.0,55.0]]"
45.9578,-66.6475,0.0,1.3758948E9,FREDERICTON,"[[""PM2_5_mass"",0.0,8.0],[""Nitrogen_Dioxide_Computed_Nitrogen_Oxides_Nitric_Oxide_"",0.0,5.0],[""Ozone"",6.0,34.0]]"
40.6281,-75.3411,0.0,1.3758948E9,FREE,"[[""PM2_5_mass"",1.4,50.9],[""Ozone"",12.0,64.0]]"
39.701099,-75.860001,117.7,1.3758948E9,Fairhill,"[[""Ambient_Temperature"",19.4,26.7],[""Wind_Speed"",1.1,4.7],[""Wind_Direction"",26.0,354.0],[""Relative_Humidity"",50.0,92.0],[""Barometric_Pressure"",997.0,1004.0],[""PM2_5_mass"",3.0,20.0],[""Precipitation"",0.0,5.8],[""Ozone"",16.0,54.0]]"
41.6833,-71.169701,0.0,1.3758948E9,Fall_River,"[[""PM2_5_mass"",7.6,26.5],[""Sulfur_Dioxde"",-0.1,17.8],[""Ozone"",18.0,55.0]]"
29.962474,-96.745875,128.1,1.3758948E9,Fayette_C601,"[[""Ambient_Temperature"",24.0,38.0],[""PM2_5_mass"",4.8,36.7],[""Ozone"",1.0,30.0]]"
37.048089,-122.074664,87.8,1.3758948E9,Felton_AMS,"[[""PM2_5_mass"",-4.0,5.0]]"
40.515251,-74.806755,44.8,1.3758948E9,Flemington,"[[""PM2_5_mass"",2.9,20.5],[""Ambient_Temperature"",15.0,28.3],[""Wind_Speed"",0.0,3.2],[""Wind_Direction"",13.0,345.0],[""Relative_Humidity"",44.2,95.5],[""Barometric_Pressure"",1004.6,1022.6],[""Solar_Radiation"",0.0,745.3],[""Ozone"",3.0,55.0]]"
38.683304,-121.164457,101.6,1.3758948E9,Folsom,"[[""Wind_Speed"",1.0,3.4],[""Wind_Direction"",147.0,269.0],[""Solar_Radiation"",0.0,1004.0],[""Nitrogen_Oxides"",1.0,5.0],[""PM2_5_mass"",0.0,11.0],[""Nitric_Oxide"",0.0,1.0],[""Nitrogen_Dioxide_Computed_Nitrogen_Oxides_Nitric_Oxide_"",1.0,5.0],[""Ambient_Temperature"",14.0,35.0],[""Ozone"",8.0,71.0]]"
38.631057,-90.281144,0.0,1.3758948E9,Forest_Park,"[[""Barometric_Pressure"",991.0,1002.0],[""Nitric_Oxide"",0.2,13.8],[""PM2_5_mass"",-2.5,20.1],[""Nitrogen_Dioxide_Computed_Nitrogen_Oxides_Nitric_Oxide_"",2.0,24.0],[""Carbon_Monoxide"",0.16,0.47],[""Precipitation"",0.0,2.3],[""Black_Carbon_at_880_nm"",0.38,2.95],[""Nitrogen_Oxides"",2.7,37.2],[""Ambient_Temperature"",19.9,32.7],[""Relative_Humidity"",33.6,93.4]]"
58.7083,-111.1764,0.0,1.3758948E9,Fort_Chipewyan,"[[""PM2_5_mass"",0.8,83.3],[""Ozone"",19.0,38.0]]"
57.1889,-111.6406,0.0,1.3758948E9,Fort_McKay,"[[""PM2_5_mass"",1.1,42.0],[""Ozone"",4.0,50.0]]"
53.6989,-113.2233,0.0,1.3758948E9,Fort_Saskatchewan,"[[""PM2_5_mass"",1.2,24.8],[""Ozone"",1.0,34.0]]"
41.094965,-85.101816,232.1,1.3760064E9,Fort_Wayne_Beacon_St,"[[""Ambient_Temperature"",16.7,26.4],[""Relative_Humidity"",49.8,99.1],[""PM2_5_mass"",2.9,22.3],[""Ozone"",9.0,54.0]]"
42.013333,-111.80916,1373.4,1.3758948E9,Franklin,"[[""PM2_5_mass"",-0.9,21.7]]"
30.315,-90.8114,0.0,1.3758948E9,French_Settlement,"[[""PM2_5_mass"",1.9,34.7],[""Ozone"",3.0,66.0]]"
35.2411,-80.7831,0.0,1.3758948E9,GARINGER,"[[""PM2_5_mass"",0.7,19.2],[""Ozone"",4.0,59.0]]"
38.7045,-90.1397,0.0,1.3758948E9,GC_MAD,"[[""PM2_5_mass"",-2.9,37.2]]"
36.5144,-87.3278,0.0,1.3758948E9,GOLF_LN,"[[""PM2_5_mass"",1.1,19.9]]"
30.39,-89.0497,0.0,1.3758948E9,GPORT_YC,"[[""PM2_5_mass"",3.8,44.2],[""Ozone"",8.0,61.0]]"
42.984699,-85.671097,0.0,1.3758948E9,GRAND_RAPIDS,"[[""Wind_Speed"",0.3,4.5],[""Wind_Direction"",2.0,356.3],[""Total_Reactive_Nitrogen"",3.1,35.7],[""PM2_5_mass"",3.4,19.5],[""Carbon_Monoxide"",0.12,0.62],[""Sulfur_Dioxde"",0.4,9.1],[""Ambient_Temperature"",15.2,27.3],[""Ozone"",0.0,50.0]]"
40.3053,-79.5061,0.0,1.3758948E9,GREE,"[[""PM2_5_mass"",0.4,18.7],[""Ozone"",2.0,62.0]]"
44.5167,-87.9939,0.0,1.3758948E9,GREEN_BAY_E_HIGH,"[[""PM2_5_mass"",2.0,15.0],[""Sulfur_Dioxde"",3.6,23.4]]"
41.492191,-81.678552,298.9,1.3758948E9,G_T_Craig,"[[""PM2_5_mass"",1.7,27.3],[""PM10_mass"",-0.2,70.4],[""Wind_Speed"",0.3,2.5],[""Wind_Direction"",11.0,357.0],[""Sulfur_Dioxde"",1.0,9.0],[""Ozone"",4.0,44.0]]"
34.3003,-83.8139,386.1,1.3758948E9,Gainesville,"[[""PM2_5_mass"",3.6,23.6]]"
39.532,-119.785,0.0,1.3758948E9,Galletti,"[[""PM2_5_mass"",-0.3,17.1],[""Carbon_Monoxide"",0.0,0.4]]"
44.104498,-115.972386,0.0,1.3758948E9,Garden_Valley,"[[""PM2_5_mass"",-1.5,69.1]]"
47.83092,-116.80737,0.0,1.3758948E9,Garwood_Neph,"[[""PM2_5_mass"",5.2,23.4]]"
41.6067,-87.3047,183.0,1.3758948E9,Gary_IITRI,"[[""Ambient_Temperature"",14.6,31.0],[""Nitrogen_Oxides"",0.4,17.1],[""Nitric_Oxide"",0.0,2.6],[""PM10_mass"",3.3,99.3],[""Nitrogen_Dioxide_Computed_Nitrogen_Oxides_Nitric_Oxide_"",0.0,15.0],[""Sulfur_Dioxde"",0.0,26.2],[""PM2_5_mass"",-0.7,15.6],[""Black_Carbon_at_880_nm"",0.28,2.8],[""Relative_Humidity"",43.5,97.3],[""Barometric_Pressure"",987.5,997.6],[""Solar_Radiation"",0.0,860.8],[""Ozone"",0.0,57.0]]"
32.25,-110.9667,747.9,1.3758948E9,Geronimo,"[[""PM2_5_mass"",0.3,18.6]]"
36.999571,-121.574684,62.8,1.3758948E9,Gilory_9th_Street,"[[""Wind_Direction"",3.9,358.5],[""Wind_Speed"",0.6,2.9],[""Ambient_Temperature"",13.8,28.7],[""Relative_Humidity"",24.6,81.4],[""PM2_5_mass"",-2.0,12.0],[""Ozone"",7.0,46.0]]"
34.1439,-117.8508,84.5,1.3758948E9,Glendora_Laurel,"[[""PM2_5_mass"",4.0,25.0],[""PM10_mass"",18.0,62.0],[""Ozone"",5.0,75.0]]"
35.9525,-96.0033,0.0,1.3758948E9,Glenpool,"[[""Relative_Humidity"",53.0,98.0],[""PM2_5_mass"",2.7,19.9],[""Ambient_Temperature"",20.0,33.3],[""Ozone"",16.0,58.0]]"
34.445301,-119.827797,0.0,1.3758948E9,Goleta,"[[""PM2_5_mass"",3.0,17.0],[""PM10_mass"",6.0,28.0],[""Ozone"",12.0,45.0]]"
43.3306,-81.7425,0.0,1.3758948E9,Grand_Bend,"[[""PM2_5_mass"",2.0,16.0],[""Ozone"",9.0,66.0]]"
47.9721,-89.6908,0.0,1.3758948E9,Grand_Portage,"[[""PM2_5_mass"",0.0,18.0]]"
45.931301,-116.115196,0.0,1.3758948E9,Grangeville,"[[""PM2_5_mass"",1.0,26.2],[""Ambient_Temperature"",14.4,30.5],[""Relative_Humidity"",12.8,58.6],[""Barometric_Pressure"",894.0,898.0],[""Solar_Radiation"",0.4,923.0]]"
39.234402,-121.055603,0.0,1.3758948E9,Grass_Valley,"[[""PM2_5_mass"",0.0,16.0],[""Ozone"",38.0,65.0]]"
40.4147,-104.7061,1450.3,1.3758948E9,Greeley_Hospital,"[[""PM2_5_mass"",0.6,12.3]]"
36.0522,-115.0569,570.4,1.3758948E9,GreenValley,"[[""Ambient_Temperature"",23.5,37.4],[""PM2_5_mass"",0.3,17.0],[""PM10_mass"",3.9,33.7]]"
31.8794,-110.9964,0.0,1.3758948E9,Green_Valley,"[[""PM10_mass"",7.0,23.0],[""PM2_5_mass"",2.4,14.0],[""Ozone"",11.0,56.0]]"
34.843899,-82.414597,308.1,1.375938E9,Greenville_ESC,"[[""Nitrogen_Dioxide_Computed_Nitrogen_Oxides_Nitric_Oxide_"",1.0,23.0],[""Sulfur_Dioxde"",0.0,3.0],[""PM2_5_mass"",5.7,23.0],[""Wind_Speed"",0.0,2.2],[""PM10_mass"",1.0,24.0]]"
39.3083,-121.7583,0.0,1.3758948E9,Gridley_,"[[""Wind_Direction"",82.0,248.0],[""Relative_Humidity"",24.0,92.0],[""PM2_5_mass"",-1.0,21.0],[""Ambient_Temperature"",13.0,31.0],[""Wind_Speed"",0.5,3.6]]"
35.253101,-81.153297,243.1,1.375902E9,Grier_Middle_School,"[[""PM2_5_mass"",3.0,10.5]]"
41.3536,-72.0789,0.0,1.3758948E9,Groton_Fort_Griswold,"[[""Ambient_Temperature"",15.5,25.6],[""PM2_5_mass"",2.0,21.0],[""Ozone"",23.0,60.0]]"
33.9636,-84.0664,0.0,1.3758948E9,Gwinnett_Tech,"[[""PM2_5_mass"",5.5,17.7],[""Ozone"",1.0,49.0]]"
37.103683,-76.386948,4.0,1.3758948E9,HAMPTON,"[[""PM2_5_mass"",4.3,13.4],[""Nitrogen_Dioxide_Computed_Nitrogen_Oxides_Nitric_Oxide_"",1.0,8.0],[""Carbon_Monoxide"",0.5,0.5],[""Sulfur_Dioxde"",-0.3,2.8],[""Ozone"",9.0,47.0]]"
40.246992,-76.846988,0.0,1.3758948E9,HARR,"[[""PM2_5_mass"",0.9,34.7],[""Ozone"",1.0,60.0]]"
43.4981,-87.81,0.0,1.3758948E9,HARRINGTON_BCH,"[[""PM2_5_mass"",-4.0,8.0],[""Ambient_Temperature"",13.2,24.8],[""Wind_Speed"",0.7,3.1],[""Wind_Direction"",5.0,357.0],[""Barometric_Pressure"",1009.4,1019.2],[""Ozone"",9.0,46.0]]"
36.1106,-80.2267,281.8,1.3758948E9,HATTIEAVEN,"[[""PM2_5_mass"",3.2,16.7],[""Nitrogen_Dioxide_Computed_Nitrogen_Oxides_Nitric_Oxide_"",0.0,9.0],[""Sulfur_Dioxde"",0.0,0.5],[""Ozone"",4.0,55.0]]"
37.2831,-83.2203,0.0,1.3758948E9,HAZ2,"[[""PM2_5_mass"",0.2,11.4],[""Ozone"",0.0,37.0]]"
34.8275,-89.9889,0.0,1.3758948E9,HERNANDO,"[[""PM2_5_mass"",5.5,37.2],[""Ozone"",5.0,51.0]]"
35.73,-81.37,640.2,1.3758948E9,HICKORY,"[[""PM2_5_mass"",3.9,15.7]]"
33.3864,-86.8167,0.0,1.3758948E9,HOOVER,"[[""PM2_5_mass"",1.5,15.6],[""Ozone"",-3.0,45.0]]"
36.089,-79.4078,640.2,1.3758948E9,HOPEDALE,"[[""PM2_5_mass"",4.0,18.6]]"
44.3106,-84.891899,0.0,1.3758948E9,HOUGHTON_LAKE,"[[""Nitrogen_Dioxide_Computed_Nitrogen_Oxides_Nitric_Oxide_"",0.0,2.0],[""PM2_5_mass"",1.0,8.2],[""Ambient_Temperature"",6.1,25.2],[""Wind_Speed"",0.2,2.9],[""Wind_Direction"",5.4,358.7],[""Ozone"",0.0,55.0]]"
39.055302,-76.878304,52.8,1.3758948E9,HU_Beltsville,"[[""Precipitation"",0.0,2.8],[""Barometric_Pressure"",1005.0,1011.0],[""Solar_Radiation"",0.0,635.0],[""Sulfur_Dioxde"",0.3,1.8],[""PM2_5_mass"",5.0,14.0],[""Wind_Direction"",12.0,345.0],[""Relative_Humidity"",44.0,92.0],[""Nitric_Oxide"",0.0,2.0],[""Carbon_Monoxide"",0.14,0.46],[""Total_Reactive_Nitrogen"",1.5,14.0],[""Ambient_Temperature"",19.4,30.0],[""Wind_Speed"",0.0,3.4],[""Ozone"",0.0,60.0]]"
36.2975,-86.6525,0.0,1.3758948E9,HVILLE,"[[""PM2_5_mass"",1.2,20.4],[""Ozone"",3.0,49.0]]"
39.565601,-77.721901,163.5,1.3758948E9,Hagerstown,"[[""Ambient_Temperature"",18.3,27.2],[""Wind_Speed"",0.3,4.9],[""Wind_Direction"",16.0,338.0],[""Relative_Humidity"",49.0,92.0],[""Barometric_Pressure"",992.0,998.0],[""Precipitation"",0.0,8.5],[""PM2_5_mass"",0.0,15.0],[""Ozone"",4.0,52.0]]"
43.2561,-79.8617,0.0,1.3758948E9,Hamilton_Downtown,"[[""PM2_5_mass"",2.0,35.0],[""Ozone"",9.0,56.0]]"
41.585278,-87.474442,183.0,1.3758948E9,Hammond_Purdue,"[[""PM2_5_mass"",-4.2,22.3]]"
29.863952,-94.3178,4.9,1.3758948E9,Hamshire_C64,"[[""PM2_5_mass"",4.2,40.8],[""Ambient_Temperature"",23.5,33.4],[""Solar_Radiation"",0.0,909.7],[""Ozone"",0.0,31.0]]"
47.1858,-101.4281,697.2,1.3758948E9,Hannover,"[[""PM2_5_mass"",-3.0,59.0],[""Ozone"",13.0,47.0]]"
46.40857,-120.54398,334.0,1.3758948E9,Harrah_Yakama_Tribe,"[[""Ambient_Temperature"",14.9,35.1],[""Wind_Speed"",0.4,5.1],[""Wind_Direction"",5.1,356.5],[""PM2_5_mass"",2.0,75.7],[""PM10_mass"",-11.2,305.9]]"
35.9386,-84.5439,0.0,1.3758948E9,Harriman,"[[""PM2_5_mass"",3.0,17.8]]"
41.771444,-72.679923,0.0,1.3758948E9,Hartford_Huntley,"[[""Wind_Direction"",45.5,328.6],[""Barometric_Pressure"",1008.0,1019.5],[""Nitrogen_Oxides"",3.0,65.8],[""Nitric_Oxide"",0.7,41.4],[""PM2_5_mass"",-3.0,11.0],[""Nitrogen_Dioxide_Computed_Nitrogen_Oxides_Nitric_Oxide_"",2.0,26.0],[""Carbon_Monoxide"",0.14,0.51],[""Ambient_Temperature"",16.2,28.7],[""Wind_Speed"",0.4,3.1]]"
31.322779,-89.287498,0.0,1.3758948E9,Hattiesburg,"[[""PM2_5_mass"",3.3,27.7]]"
42.7708,-71.1028,0.0,1.3758948E9,Haverhill,"[[""Solar_Radiation"",-3.0,803.0],[""PM2_5_mass"",-1.5,10.0],[""Ambient_Temperature"",14.0,28.0],[""Wind_Speed"",0.3,3.0],[""Wind_Direction"",90.0,292.0],[""Relative_Humidity"",34.0,93.0],[""Barometric_Pressure"",1001.1,1014.4],[""Ozone"",5.0,64.0]]"
40.733501,-111.871696,1314.6,1.3758948E9,Hawthorne,"[[""PM10_mass"",3.0,34.0],[""Wind_Speed"",0.8,8.2],[""Wind_Direction"",54.0,314.0],[""Ambient_Temperature"",20.0,31.9],[""PM2_5_mass"",-0.7,12.4],[""Nitrogen_Dioxide_Computed_Nitrogen_Oxides_Nitric_Oxide_"",1.0,25.0],[""Carbon_Monoxide"",0.09,0.37],[""Nitrogen_Oxides"",1.0,33.0],[""Nitric_Oxide"",0.0,10.0],[""Ozone"",21.0,76.0]]"
19.717562,-155.110535,0.0,1.3758948E9,Hilo,"[[""PM2_5_mass"",-2.0,11.0],[""Sulfur_Dioxde"",0.0,3.0],[""Wind_Direction"",27.4,355.9],[""Wind_Speed"",0.0,2.2]]"
32.7267,-103.1233,1110.8,1.3758948E9,Hobbs_Jefferson,"[[""PM2_5_mass"",-0.9,65.3],[""Ozone"",22.0,61.0]]"
21.310301,-157.858093,0.0,1.3758948E9,Honolulu,"[[""PM10_mass"",0.0,15.0],[""Wind_Direction"",51.0,337.0],[""Carbon_Monoxide"",0.0,0.6],[""PM2_5_mass"",-2.0,17.0],[""Sulfur_Dioxde"",1.0,3.0],[""Wind_Speed"",0.4,3.0]]"
38.5876,-76.1408,2.7,1.3758948E9,Horn_Point,"[[""Wind_Speed"",0.2,2.8],[""Wind_Direction"",16.0,342.0],[""Relative_Humidity"",41.0,89.0],[""Barometric_Pressure"",1012.0,1017.0],[""Total_Reactive_Nitrogen"",0.0,4.0],[""Ambient_Temperature"",20.0,30.0],[""Nitric_Oxide"",0.0,0.0],[""Precipitation"",0.0,0.0],[""Carbon_Monoxide"",0.1,0.2],[""PM2_5_mass"",0.0,32.0],[""Sulfur_Dioxde"",0.2,3.0],[""Ozone"",14.0,48.0]]"
29.9011,-95.3261,18.3,1.3758948E9,Houston_Aldine_C8,"[[""Barometric_Pressure"",1010.9,1018.2],[""Solar_Radiation"",0.0,944.3],[""PM2_5_mass"",3.5,49.0],[""Ambient_Temperature"",24.8,36.7],[""Relative_Humidity"",29.7,92.3],[""Ozone"",0.0,58.0]]"
29.7681,-95.2206,6.1,1.3758948E9,Houston_East_C1,"[[""Ambient_Temperature"",25.4,36.6],[""PM2_5_mass"",5.5,48.5],[""Ozone"",1.0,46.0]]"
54.3972,-126.645,594.4,1.3758948E9,Houston_Firehall,"[[""PM10_mass"",0.0,9.5],[""PM2_5_mass"",0.0,55.6]]"
37.179,-113.3052,0.0,1.3758948E9,Hurricane,"[[""Nitrogen_Oxides"",0.0,10.0],[""Nitrogen_Dioxide_Computed_Nitrogen_Oxides_Nitric_Oxide_"",0.0,10.0],[""Nitric_Oxide"",1.0,5.0],[""PM2_5_mass"",-4.2,9.9],[""PM10_mass"",0.0,29.0],[""Ambient_Temperature"",22.2,34.5],[""Wind_Speed"",1.1,5.8],[""Wind_Direction"",22.0,292.0],[""Ozone"",29.0,58.0]]"
43.823017,-115.838557,0.0,1.3758948E9,Idaho_City,"[[""PM2_5_mass"",1.2,52.7]]"
39.7889,-86.2147,0.0,1.3758948E9,Indpls_W_18th_St,"[[""PM2_5_mass"",-0.1,48.5]]"
34.051102,-81.154999,68.9,1.3758948E9,Irmo,"[[""Sulfur_Dioxde"",0.0,5.0],[""PM2_5_mass"",4.5,15.5]]"
38.508114,-82.659301,162.9,1.3758948E9,Ironton_ODOT,"[[""PM2_5_mass"",0.1,31.4],[""Sulfur_Dioxde"",0.0,1.0],[""Ozone"",0.0,42.0]]"
32.1772,-96.8711,164.7,1.3758948E9,Italy_C1044,"[[""PM2_5_mass"",5.2,42.9],[""Ambient_Temperature"",23.1,39.8],[""Relative_Humidity"",23.4,84.1],[""Solar_Radiation"",0.0,1017.5],[""Ozone"",8.0,77.0]]"
35.8111,-76.9067,13.7,1.3758948E9,JAMESVIL,"[[""Sulfur_Dioxde"",0.1,1.0],[""PM2_5_mass"",3.4,16.1],[""Ozone"",0.0,40.0]]"
32.3883,-90.1406,0.0,1.3758948E9,JAXFS19,"[[""PM2_5_mass"",2.7,30.4],[""Ozone"",1.0,55.0]]"
33.503601,-112.095001,315.7,1.3758948E9,JLG_Supersite,"[[""Nitrogen_Oxides"",2.0,284.0],[""Total_Reactive_Nitrogen"",-9999.0,13.3],[""PM10_mass"",9.0,55.0],[""PM2_5_mass"",-2.0,16.0],[""Ozone"",2.0,72.0]]"
40.3097,-78.9158,0.0,1.3758948E9,JOHN,"[[""PM2_5_mass"",3.1,21.8],[""Ozone"",1.0,49.0]]"
37.0581,-88.5725,0.0,1.3758948E9,JPRECC,"[[""PM2_5_mass"",1.0,13.0],[""Ozone"",0.0,51.0]]"
36.1911,-115.1219,541.4,1.3758948E9,J_D_Smith,"[[""PM2_5_mass"",0.4,20.7],[""PM10_mass"",4.2,53.5],[""Relative_Humidity"",1.0,26.6],[""Ambient_Temperature"",23.0,37.5],[""Barometric_Pressure"",941.9,947.2],[""Ozone"",1.0,53.0]]"
33.342201,-81.788597,108.0,1.3758948E9,Jackson,"[[""PM2_5_mass"",5.2,30.7],[""Ozone"",1.0,39.0]]"
32.329111,-90.182722,0.0,1.3758948E9,Jackson_NCORE,"[[""Sulfur_Dioxde"",0.1,8.4],[""PM2_5_mass"",5.2,39.3],[""Carbon_Monoxide"",0.09,0.26],[""Ozone"",2.0,51.0]]"
27.0892,-82.3625,0.0,1.3758948E9,Jackson_Road,"[[""PM2_5_mass"",-0.5,23.6],[""Ozone"",1.0,52.0]]"
36.141945,-115.078613,536.5,1.3758948E9,Jerome_Mack,"[[""Ambient_Temperature"",23.5,37.6],[""PM10_mass"",2.3,47.7],[""PM2_5_mass"",-1.0,18.8],[""Total_Reactive_Nitrogen"",3.0,71.0],[""Nitric_Oxide"",0.2,40.7],[""Relative_Humidity"",2.1,30.0],[""Barometric_Pressure"",943.4,948.7],[""Carbon_Monoxide"",0.08,0.67],[""Sulfur_Dioxde"",0.8,2.1],[""Ozone"",1.0,53.0]]"
40.725452,-74.052292,5.8,1.3758948E9,Jersey_City_FH,"[[""PM2_5_mass"",-2.4,15.0]]"
44.417999,-118.951302,0.0,1.3758948E9,John_Day_Dayton_St,"[[""PM2_5_mass"",7.0,45.7]]"
42.2781,-85.5419,390.4,1.3758948E9,KALAMAZOO,"[[""Wind_Direction"",6.0,359.9],[""PM2_5_mass"",-2.6,18.0],[""Ambient_Temperature"",14.5,25.2],[""Wind_Speed"",0.1,3.1],[""Ozone"",0.0,43.0]]"
34.9547,-77.9608,33.9,1.3758948E9,KENANSVL,"[[""PM2_5_mass"",3.3,16.3],[""PM10_mass"",4.9,31.5]]"
38.9847,-75.5556,0.0,1.3758948E9,KILLENS,"[[""PM2_5_mass"",2.3,13.6],[""Ozone"",2.0,43.0]]"
40.8142,-79.565,0.0,1.3758948E9,KITT,"[[""PM2_5_mass"",4.0,47.1],[""Ozone"",1.0,59.0]]"
46.2094,-116.027496,460.2,1.3758948E9,Kamiah_ID,"[[""PM2_5_mass"",1.6,20.1],[""Barometric_Pressure"",957.3,962.9],[""Ambient_Temperature"",13.4,35.9],[""Relative_Humidity"",9.6,75.7],[""Precipitation"",0.0,0.0]]"
21.323601,-158.088593,18.0,1.3758948E9,Kapolei,"[[""Sulfur_Dioxde"",1.0,2.0],[""Wind_Speed"",0.7,3.4],[""Wind_Direction"",26.0,103.0],[""Nitrogen_Dioxide_Computed_Nitrogen_Oxides_Nitric_Oxide_"",0.0,10.0],[""Carbon_Monoxide"",0.3,0.4],[""PM10_mass"",-4.0,28.0],[""PM2_5_mass"",-4.0,5.0]]"
32.6706,-94.1681,0.0,1.3758948E9,Karnack_C85,"[[""Solar_Radiation"",0.5,926.3],[""PM2_5_mass"",3.9,36.9],[""Ambient_Temperature"",22.2,37.9],[""Ozone"",1.0,61.0]]"
32.565,-96.3175,0.0,1.3758948E9,Kaufman_C71,"[[""Ambient_Temperature"",24.6,40.8],[""Relative_Humidity"",20.8,82.1],[""Solar_Radiation"",0.1,919.8],[""PM2_5_mass"",7.0,39.1],[""Ozone"",10.0,59.0]]"
36.4878,-117.871,0.0,1.3758948E9,Keeler,"[[""Wind_Speed"",0.4,8.4],[""PM2_5_mass"",-1.0,30.6],[""Precipitation"",0.0,0.0],[""PM10_mass"",7.1,207.7],[""Ambient_Temperature"",17.8,33.1],[""Wind_Direction"",3.6,354.4]]"
42.930599,-72.277802,152.8,1.3758948E9,Keene,"[[""Wind_Speed"",0.5,1.4],[""Wind_Direction"",21.0,303.0],[""Ambient_Temperature"",10.9,29.1],[""PM2_5_mass"",-0.7,10.0],[""Ozone"",4.0,53.0]]"
46.612983,-116.65925,0.0,1.3758948E9,Kendrick_Neph,"[[""PM2_5_mass"",4.4,22.0]]"
30.0411,-90.2728,0.0,1.3758948E9,Kenner,"[[""PM2_5_mass"",1.2,32.4],[""Ozone"",1.0,59.0]]"
46.2183,-119.2015,162.0,1.3758948E9,Kennewick_Metaline,"[[""PM2_5_mass"",4.0,16.4],[""Ambient_Temperature"",21.4,34.9],[""Wind_Speed"",0.8,11.0],[""Wind_Direction"",6.5,352.0],[""PM10_mass"",4.8,2038.7],[""Ozone"",16.0,69.0]]"
49.2794,-122.9711,133.0,1.3758948E9,Kensington_Park,"[[""PM2_5_mass"",1.4,15.6],[""Ozone"",1.0,37.0]]"
47.386101,-122.230202,12.8,1.3758948E9,Kent_James_Central,"[[""Ambient_Temperature"",15.6,33.7],[""Wind_Speed"",0.4,2.3],[""Wind_Direction"",23.9,353.9],[""PM2_5_mass"",0.0,11.0]]"
43.682556,-114.371094,0.0,1.3758948E9,Ketchum,"[[""PM2_5_mass"",0.0,76.4]]"
20.7808,-156.4461,39.3,1.3758948E9,Kihei_Maui,"[[""Wind_Speed"",0.7,8.8],[""Wind_Direction"",37.0,322.0],[""PM2_5_mass"",-3.0,25.0]]"
36.209202,-121.126099,102.8,1.3758948E9,King_City_AMS,"[[""Ambient_Temperature"",12.4,26.0],[""Wind_Speed"",1.2,6.7],[""Wind_Direction"",24.0,357.0],[""PM2_5_mass"",-3.0,8.0],[""PM10_mass"",2.0,52.0],[""Ozone"",7.0,42.0]]"
36.5408,-82.5217,0.0,1.3758948E9,Kingsport,"[[""PM2_5_mass"",3.7,21.7]]"
44.13,-76.31,25.0,1.3758948E9,Kingston,"[[""PM2_5_mass"",2.0,10.0],[""Ozone"",10.0,48.0]]"
30.0583,-95.1897,18.3,1.3758948E9,Kingwood_C309,"[[""Precipitation"",0.0,0.0],[""PM2_5_mass"",2.0,64.0]]"
43.4419,-80.5044,0.0,1.3758948E9,Kitchener,"[[""PM2_5_mass"",3.0,21.0],[""Ozone"",9.0,51.0]]"
54.0558,-128.6739,0.0,1.3758948E9,Kitimat_Riverlodge,"[[""PM2_5_mass"",0.0,19.1],[""PM10_mass"",2.5,33.3]]"
19.5097,-155.9133,517.3,1.3758948E9,Kona,"[[""Wind_Direction"",27.0,331.0],[""PM2_5_mass"",7.0,19.0],[""Sulfur_Dioxde"",2.0,12.0],[""Wind_Speed"",0.5,3.0]]"
43.7781,-91.225,209.8,1.3758948E9,LACROSSE_DOT,"[[""PM2_5_mass"",4.0,18.0],[""Ambient_Temperature"",11.8,28.1],[""Wind_Speed"",0.2,2.9],[""Wind_Direction"",8.0,357.0],[""Ozone"",2.0,41.0]]"
40.0467,-76.2833,0.0,1.3758948E9,LANC,"[[""PM2_5_mass"",4.1,19.8],[""Ozone"",2.0,60.0]]"
42.737499,-84.536102,390.4,1.3758948E9,LANSING,"[[""Sulfur_Dioxde"",-0.2,7.1],[""Nitrogen_Dioxide_Computed_Nitrogen_Oxides_Nitric_Oxide_"",1.0,13.0],[""PM2_5_mass"",2.3,14.3],[""Ambient_Temperature"",14.5,27.4],[""Wind_Speed"",0.2,4.0],[""Wind_Direction"",3.9,348.3],[""Ozone"",2.0,53.0]]"
35.1158,-87.47,0.0,1.3758948E9,LAWRENCE,"[[""PM2_5_mass"",5.8,17.2]]"
33.5453,-86.5492,0.0,1.3758948E9,LEEDS,"[[""PM2_5_mass"",3.8,17.5],[""Ozone"",0.0,40.0]]"
35.9889,-77.5867,0.0,1.3758948E9,LEGGETT,"[[""PM2_5_mass"",5.5,15.6],[""Ozone"",5.0,46.0]]"
39.3031,-94.3764,283.7,1.3758948E9,LIBERTY,"[[""Ambient_Temperature"",16.8,30.1],[""Solar_Radiation"",0.0,926.9],[""Relative_Humidity"",51.0,95.0],[""Barometric_Pressure"",978.4,988.7],[""PM2_5_mass"",-2.8,18.1],[""Ozone"",14.0,49.0]]"
36.1767,-86.7386,0.0,1.3758948E9,LOCKLAND,"[[""PM2_5_mass"",0.0,17.6]]"
35.8142,-80.2633,0.0,1.3758948E9,LWATTOWR,"[[""PM2_5_mass"",-0.1,21.1]]"
42.474701,-70.971901,0.0,1.3758948E9,LYNN,"[[""PM2_5_mass"",0.6,17.8],[""Carbon_Monoxide"",0.11,0.2],[""Barometric_Pressure"",1001.1,1014.4],[""Solar_Radiation"",-1.0,850.0],[""Nitrogen_Oxides"",2.0,18.0],[""Nitric_Oxide"",0.0,4.0],[""Relative_Humidity"",40.0,90.0],[""Precipitation"",0.0,10.9],[""Nitrogen_Dioxide_Computed_Nitrogen_Oxides_Nitric_Oxide_"",1.0,16.0],[""Ambient_Temperature"",16.0,28.0],[""Wind_Speed"",0.8,3.5],[""Wind_Direction"",58.0,288.0],[""Ozone"",16.0,56.0]]"
45.8139,-73.4361,16.2,1.3758948E9,L_Assomption,"[[""PM2_5_mass"",0.6,16.9],[""Ozone"",6.0,67.0]]"
47.029301,-122.821503,65.0,1.3758948E9,Lacey_College_St,"[[""PM2_5_mass"",1.0,7.1],[""Ambient_Temperature"",13.8,28.4],[""Wind_Speed"",0.2,2.5],[""Wind_Direction"",3.8,356.3],[""Ozone"",5.0,41.0]]"
46.8153,-117.8739,468.2,1.3758948E9,Lacrosse_Hill_St,"[[""PM2_5_mass"",4.8,13.3]]"
38.641399,-90.345802,161.0,1.3758948E9,Ladue,"[[""Ambient_Temperature"",16.6,32.0],[""PM2_5_mass"",1.0,21.0],[""Barometric_Pressure"",989.1,1003.5],[""Relative_Humidity"",34.1,93.5]]"
30.2258,-92.042801,0.0,1.3758948E9,Lafayette,"[[""PM2_5_mass"",-0.3,42.6],[""Ozone"",1.0,49.0]]"
30.1783,-82.6192,0.0,1.3758948E9,Lake_City,"[[""PM2_5_mass"",-1.7,28.0],[""Ozone"",0.0,37.0]]"
28.5997,-81.3628,0.0,1.3758948E9,Lake_Isle_Estates,"[[""PM2_5_mass"",-2.7,36.7],[""Nitrogen_Dioxide_Computed_Nitrogen_Oxides_Nitric_Oxide_"",1.0,6.0],[""Carbon_Monoxide"",0.2,0.3],[""Ozone"",5.0,43.0]]"
40.693298,-92.006104,0.0,1.3758948E9,Lake_Sugema,"[[""Sulfur_Dioxde"",0.1,0.5],[""Ambient_Temperature"",15.6,28.9],[""PM2_5_mass"",2.7,10.8],[""Relative_Humidity"",44.4,100.7],[""Barometric_Pressure"",983.1,993.4],[""Nitrogen_Dioxide_Computed_Nitrogen_Oxides_Nitric_Oxide_"",1.0,7.0],[""Nitrogen_Oxides"",0.5,7.1],[""Nitric_Oxide"",0.0,0.6],[""Ozone"",8.0,46.0]]"
47.7889,-116.8044,707.6,1.3758948E9,Lancaster,"[[""Ambient_Temperature"",16.0,31.2],[""Relative_Humidity"",18.6,86.3],[""Barometric_Pressure"",928.0,932.7],[""Solar_Radiation"",0.4,905.6],[""PM2_5_mass"",0.0,13.3]]"
49.4417,-123.4917,70.2,1.3758948E9,Langdale_Elementary,"[[""Sulfur_Dioxde"",2.1,25.3],[""Nitric_Oxide"",-0.4,7.4],[""PM10_mass"",0.0,33.1],[""PM2_5_mass"",1.0,1.9],[""Nitrogen_Dioxide_Computed_Nitrogen_Oxides_Nitric_Oxide_"",2.0,27.0]]"
27.5994,-99.5333,390.4,1.3758948E9,Laredo_C313,"[[""PM2_5_mass"",1.8,39.2]]"
41.169722,-85.629444,0.0,1.3758948E9,Larwill,"[[""PM2_5_mass"",3.4,13.1],[""Ambient_Temperature"",16.2,27.5],[""Relative_Humidity"",55.0,96.0],[""Sulfur_Dioxde"",0.1,1.0]]"
34.632999,-98.428802,362.0,1.3758948E9,Lawton_North,"[[""Relative_Humidity"",35.0,84.0],[""PM2_5_mass"",4.5,22.1],[""Ambient_Temperature"",20.6,34.4],[""Ozone"",24.0,67.0]]"
47.5988,-120.6647,357.2,1.3758948E9,Leavenworth_Evans_St,"[[""PM2_5_mass"",3.4,42.5]]"
39.42689,-84.20077,298.9,1.3758948E9,Lebanon,"[[""Wind_Speed"",0.5,3.7],[""Wind_Direction"",7.0,348.0],[""PM2_5_mass"",-2.9,35.9],[""Ambient_Temperature"",9.2,30.1],[""Ozone"",0.0,54.0]]"
49.7164,-112.8006,0.0,1.3758948E9,Lethbridge,"[[""PM2_5_mass"",0.8,24.6],[""Ozone"",6.0,48.0]]"
44.089355,-70.214134,0.0,1.3758948E9,Lewiston,"[[""PM2_5_mass"",-1.4,41.4],[""Solar_Radiation"",0.0,823.7],[""Ambient_Temperature"",19.5,36.0],[""Relative_Humidity"",12.2,48.7],[""Barometric_Pressure"",972.0,978.0]]"
48.3841,-115.548,2033.1,1.3758948E9,Libby_Courthouse,"[[""PM2_5_mass"",1.5,16.3]]"
39.760659,-84.187678,298.9,1.3758948E9,Library,"[[""PM2_5_mass"",4.7,19.4]]"
40.771,-84.0539,275.1,1.3758948E9,Lima,"[[""Sulfur_Dioxde"",-1.0,1.0],[""PM2_5_mass"",1.0,21.3],[""Ozone"",5.0,54.0]]"
38.89,-121.3,50.9,1.3758948E9,Lincoln,"[[""PM2_5_mass"",5.0,20.0],[""Ozone"",3.0,58.0]]"
40.3414,-111.7136,1342.6,1.3758948E9,Lindon_Provo,"[[""Ambient_Temperature"",15.6,30.8],[""PM2_5_mass"",-0.2,9.1],[""PM10_mass"",5.0,157.0]]"
37.687526,-121.784217,146.1,1.3758948E9,Livermore_Rincon,"[[""PM2_5_mass"",-2.0,10.0],[""Wind_Speed"",1.5,5.9],[""Precipitation"",0.0,0.0],[""Relative_Humidity"",33.7,91.9],[""Ambient_Temperature"",13.2,26.4],[""Solar_Radiation"",0.1,957.0],[""Wind_Direction"",208.4,301.0],[""Ozone"",7.0,31.0]]"
41.731201,-111.837502,1342.6,1.3758948E9,Logan,"[[""PM2_5_mass"",3.9,30.8],[""Wind_Speed"",1.0,5.7],[""Wind_Direction"",2.0,357.0],[""Nitrogen_Dioxide_Computed_Nitrogen_Oxides_Nitric_Oxide_"",2.0,21.0],[""Nitrogen_Oxides"",3.0,32.0],[""Nitric_Oxide"",2.0,13.0],[""Ambient_Temperature"",16.0,32.4],[""Ozone"",16.0,67.0]]"
34.637798,-120.456703,0.0,1.3758948E9,Lompoc_H_Street,"[[""PM2_5_mass"",0.0,8.0],[""PM10_mass"",0.0,15.0],[""Ozone"",14.0,30.0]]"
34.805,-83.237503,675.3,1.3758948E9,Long_Creek,"[[""Sulfur_Dioxde"",0.0,0.2],[""PM2_5_mass"",3.1,19.4],[""Ozone"",19.0,55.0]]"
40.164585,-105.100861,1522.0,1.3758948E9,Longmont,"[[""PM2_5_mass"",0.1,12.2]]"
46.1394,-122.9619,12.8,1.3758948E9,Longview_30th_Ave,"[[""PM2_5_mass"",0.8,5.7]]"
35.6322,-83.9422,793.3,1.3758948E9,Look_Rock_GSMNP,"[[""PM2_5_mass"",2.2,19.2],[""Ozone"",21.0,44.0]]"
48.641899,-102.402199,696.3,1.3758948E9,Lostwood_NWR,"[[""PM2_5_mass"",1.0,20.0],[""PM10_mass"",1.0,22.0],[""Ozone"",10.0,35.0]]"
33.5906,-101.8503,963.8,1.3758948E9,Lubbock_C325,"[[""PM2_5_mass"",3.8,16.4],[""Ambient_Temperature"",18.2,35.2]]"
43.1008,-89.3572,0.0,1.3758948E9,MADISON_EAST,"[[""PM2_5_mass"",1.0,13.0],[""Ambient_Temperature"",14.1,26.6],[""Sulfur_Dioxde"",0.4,3.9],[""Ozone"",2.0,48.0]]"
35.1967,-90.1911,0.0,1.3758948E9,MARION,"[[""PM2_5_mass"",-1.1,50.3],[""Ozone"",0.0,67.0]]"
38.7267,-89.959198,0.0,1.3758948E9,MARYVILL,"[[""PM2_5_mass"",2.3,18.0],[""Ozone"",13.0,77.0]]"
37.5583,-77.400299,48.8,1.3758948E9,MATH_SCIENCE_CTR,"[[""PM2_5_mass"",4.8,17.4],[""Ambient_Temperature"",22.2,31.6],[""Relative_Humidity"",48.1,90.9],[""Barometric_Pressure"",1008.5,1012.5],[""Ozone"",2.0,45.0]]"
33.3311,-87.0036,0.0,1.3758948E9,MCADORY,"[[""PM2_5_mass"",-1.1,27.7],[""Ozone"",0.0,48.0]]"
36.1092,-79.8011,560.3,1.3758948E9,MENDNHAL,"[[""Relative_Humidity"",62.2,95.8],[""Solar_Radiation"",0.0,811.0],[""Precipitation"",0.0,0.0],[""PM2_5_mass"",2.3,12.1],[""Ambient_Temperature"",21.5,31.1],[""Ozone"",11.0,48.0]]"
46.6964,-68.033096,164.7,1.3758948E9,MICMAC,"[[""Nitric_Oxide"",0.0,2.0],[""PM2_5_mass"",0.0,8.0],[""Ambient_Temperature"",10.0,25.0],[""Wind_Speed"",0.9,7.2],[""Relative_Humidity"",37.0,98.0],[""Barometric_Pressure"",985.0,1000.0],[""Solar_Radiation"",0.0,740.0],[""Nitrogen_Oxides"",0.0,5.0],[""Ozone"",12.0,32.0]]"
43.0178,-87.9333,0.0,1.3758948E9,MILWAUKEE_16TH_ST,"[[""Wind_Direction"",3.0,311.0],[""PM2_5_mass"",2.0,20.0],[""Ambient_Temperature"",16.6,26.2],[""Wind_Speed"",0.8,4.3],[""Ozone"",1.0,53.0]]"
43.0611,-87.9125,0.0,1.3758948E9,MILWAUKEE_SER_DNR_,"[[""PM10_mass"",3.0,30.0],[""Nitric_Oxide"",0.0,56.6],[""Wind_Direction"",4.0,343.0],[""Solar_Radiation"",0.0,858.3],[""Sulfur_Dioxde"",0.0,1.6],[""Barometric_Pressure"",1008.4,1017.8],[""Nitrogen_Oxides"",0.2,79.7],[""Nitrogen_Dioxide_Computed_Nitrogen_Oxides_Nitric_Oxide_"",1.0,27.0],[""PM2_5_mass"",-3.0,19.0],[""Ambient_Temperature"",16.6,26.9],[""Wind_Speed"",0.4,3.9],[""Ozone"",1.0,56.0]]"
39.7394,-75.5581,0.0,1.3758948E9,MLK,"[[""PM2_5_mass"",4.0,24.4],[""Sulfur_Dioxde"",-0.1,0.7]]"
37.8599,-120.1788,0.0,1.3758948E9,MMOAQ2011,"[[""PM2_5_mass"",-4.0,33.0]]"
46.11,-64.79,0.0,1.3758948E9,MONCTON,"[[""PM2_5_mass"",0.0,12.0],[""Nitrogen_Dioxide_Computed_Nitrogen_Oxides_Nitric_Oxide_"",0.0,9.0],[""Ozone"",0.0,37.0]]"
32.4069,-86.2564,-304.7,1.3758948E9,MONTG,"[[""PM2_5_mass"",-0.6,18.5],[""Ozone"",0.0,52.0]]"
39.9158,-80.7342,213.5,1.3758948E9,MOUNDSVILLE,"[[""PM2_5_mass"",5.7,26.0]]"
32.8031,-83.5447,0.0,1.3758948E9,Macon,"[[""Wind_Speed"",0.3,3.1],[""Wind_Direction"",12.0,347.0],[""PM2_5_mass"",2.4,15.4],[""Ozone"",0.0,36.0]]"
30.4293,-90.1997,5.2,1.3758948E9,Madisonville,"[[""PM2_5_mass"",2.7,40.3],[""Ozone"",1.0,69.0]]"
37.1314,-86.1481,236.1,1.3758948E9,Mammoth_Cave_NP,"[[""Solar_Radiation"",0.0,713.0],[""Precipitation"",0.0,28.9],[""PM2_5_mass"",0.4,24.5],[""Ambient_Temperature"",21.2,28.3],[""Wind_Speed"",0.5,3.8],[""Relative_Humidity"",69.0,95.0],[""Ozone"",4.0,45.0]]"
30.1358,-81.6339,0.0,1.3758948E9,Mandarin,"[[""PM2_5_mass"",0.0,19.0]]"
44.4572,-95.835,0.0,1.3758948E9,Marshall,"[[""PM2_5_mass"",0.0,18.0],[""Ozone"",3.0,38.0]]"
30.2603,-81.4533,0.0,1.3758948E9,Mayo_Clinic,"[[""PM2_5_mass"",0.0,23.0],[""Ozone"",2.0,37.0]]"
34.906082,-95.794128,233.6,1.3758948E9,McAlester,"[[""PM2_5_mass"",4.4,30.6],[""Ozone"",10.0,56.0]]"
44.8992,-116.093903,0.0,1.3758948E9,McCall,"[[""PM2_5_mass"",-2.6,48.0]]"
33.4347,-84.1617,0.0,1.3758948E9,McDonough,"[[""PM2_5_mass"",1.2,19.3],[""Ozone"",0.0,38.0]]"
38.921848,-77.013176,0.0,1.3758948E9,McMillan_NCORE,"[[""Solar_Radiation"",2.6,239.7],[""PM2_5_mass"",7.0,18.0],[""Nitrogen_Dioxide_Computed_Nitrogen_Oxides_Nitric_Oxide_"",2.0,10.0],[""Precipitation"",0.0,0.1],[""Sulfur_Dioxde"",0.1,3.2],[""Ambient_Temperature"",24.1,30.6],[""Ozone"",9.0,60.0]]"
28.0542,-80.6283,0.0,1.3758948E9,Melbourne,"[[""PM2_5_mass"",1.6,33.5],[""PM10_mass"",3.6,98.3],[""Ozone"",9.0,43.0]]"
35.02079,-120.56389,0.0,1.3758948E9,Mesa_2_Nipomo,"[[""Sulfur_Dioxde"",0.0,3.0],[""PM10_mass"",0.0,94.0],[""Ambient_Temperature"",12.2,17.1],[""PM2_5_mass"",-3.0,23.0]]"
46.5754,-119.0021,223.9,1.3758948E9,Mesa_Pepoit_Way,"[[""PM2_5_mass"",5.0,29.4]]"
32.482081,-97.026922,202.8,1.3758948E9,Midlothian_OFW_C52,"[[""PM2_5_mass"",9.6,39.6],[""Ambient_Temperature"",23.4,38.9],[""Solar_Radiation"",0.0,880.8],[""Ozone"",11.0,68.0]]"
35.856098,-78.574203,30.5,1.3758948E9,Millbrook_NCore,"[[""Nitrogen_Dioxed_Computed_Total_Reactive_Nitrogen_Nitric_oxide_"",2.0,17.3],[""Precipitation"",0.0,0.0],[""Ambient_Temperature"",22.0,33.6],[""Sulfur_Dioxde"",0.0,0.5],[""PM2_5_mass"",1.9,18.4],[""Relative_Humidity"",1.6,100.2],[""Solar_Radiation"",0.0,866.0],[""Ozone"",4.0,47.0]]"
42.8619,-71.8789,697.8,1.3758948E9,Miller_State_Park,"[[""Sulfur_Dioxde"",1.0,1.2],[""Ambient_Temperature"",12.6,22.3],[""Total_Reactive_Nitrogen"",1.4,4.2],[""Wind_Direction"",259.0,283.0],[""Barometric_Pressure"",929.4,938.6],[""Relative_Humidity"",47.4,99.6],[""PM2_5_mass"",-1.3,9.7],[""Carbon_Monoxide"",0.13,0.19],[""Wind_Speed"",2.7,4.1],[""Ozone"",23.0,55.0]]"
39.305199,-75.797203,22.3,1.3758948E9,Millington,"[[""Wind_Speed"",0.3,4.9],[""Wind_Direction"",64.0,334.0],[""Relative_Humidity"",51.0,91.0],[""Barometric_Pressure"",1009.0,1015.0],[""Precipitation"",0.0,1.3],[""PM2_5_mass"",4.0,14.0],[""Ambient_Temperature"",18.1,28.9],[""Ozone"",5.0,52.0]]"
39.422272,-75.0252,22.0,1.3758948E9,Millville,"[[""Nitrogen_Oxides"",1.0,8.0],[""Nitric_Oxide"",0.0,2.0],[""PM2_5_mass"",-4.0,17.8],[""Nitrogen_Dioxide_Computed_Nitrogen_Oxides_Nitric_Oxide_"",1.0,6.0],[""Ozone"",10.0,54.0]]"
38.1358,-94.7319,0.0,1.3758948E9,Minecrek,"[[""PM2_5_mass"",3.3,16.2],[""Ozone"",1.0,46.0]]"
44.9536,-93.2581,0.0,1.3758948E9,Minneapolis_Phillips,"[[""PM2_5_mass"",0.0,17.0]]"
26.226226,-98.29107,39.7,1.3758948E9,Mission_C43,"[[""Solar_Radiation"",0.4,961.6],[""PM2_5_mass"",4.3,34.9],[""Ambient_Temperature"",25.8,38.2],[""Ozone"",6.0,32.0]]"
45.54271,-73.57176,14.0,1.3758948E9,Molson,"[[""Nitrogen_Dioxide_Computed_Nitrogen_Oxides_Nitric_Oxide_"",1.0,19.0],[""PM2_5_mass"",0.0,30.1],[""Ozone"",12.0,58.0]]"
32.509701,-92.046097,0.0,1.3758948E9,Monroe,"[[""PM2_5_mass"",9.7,58.7],[""Ozone"",1.0,50.0]]"
35.1514,-80.8669,0.0,1.3758948E9,Montclaire,"[[""PM2_5_mass"",3.5,14.0]]"
36.588889,-121.908333,0.0,1.3758948E9,Monte_Vista,"[[""Wind_Direction"",124.0,301.0],[""PM2_5_mass"",2.0,2.0],[""Ambient_Temperature"",10.2,21.0],[""Wind_Speed"",0.3,0.3]]"
35.32,-97.4883,0.0,1.3758948E9,Moore,"[[""PM2_5_mass"",5.1,19.1],[""Ozone"",9.0,72.0]]"
44.8897,-75.19,0.0,1.3758948E9,Morrisburg,"[[""PM2_5_mass"",2.0,9.0],[""Ozone"",1.0,51.0]]"
46.728199,-116.954597,0.0,1.3758948E9,Moscow,"[[""PM2_5_mass"",-3.4,17.6],[""Ambient_Temperature"",17.8,31.4],[""Relative_Humidity"",23.2,58.3],[""Barometric_Pressure"",920.0,923.0],[""Solar_Radiation"",0.0,727.1]]"
47.1303,-119.2726,99.1,1.3758948E9,Moses_Lake_Balsam_St,"[[""PM2_5_mass"",5.1,19.4]]"
47.505,-52.7947,0.0,1.3758948E9,Mount_Pearl,"[[""PM2_5_mass"",-2.0,10.0],[""Ozone"",14.0,32.0]]"
19.569799,-155.080597,0.0,1.3758948E9,Mountain_View,"[[""PM2_5_mass"",-3.0,5.0],[""Sulfur_Dioxde"",1.0,4.0],[""Wind_Speed"",0.4,2.9],[""Wind_Direction"",4.0,347.0]]"
48.894014,-116.359419,0.0,1.3758948E9,Mt_Hall,"[[""PM2_5_mass"",4.8,8.1]]"
48.410198,-122.337601,6.7,1.3758948E9,Mt_Vernon_2nd_Ave_,"[[""PM2_5_mass"",1.7,6.6],[""Ozone"",4.0,40.0]]"
41.4994,-74.0097,0.0,1.3758948E9,NBURG,"[[""PM2_5_mass"",0.3,11.8]]"
41.247486,-95.973142,0.0,1.3758948E9,NCORE,"[[""PM2_5_mass"",2.0,21.0],[""Ambient_Temperature"",18.4,30.6],[""Relative_Humidity"",50.2,94.1],[""Ozone"",-1.0,47.0]]"
39.8344,-75.7678,0.0,1.3758948E9,NEWG,"[[""PM2_5_mass"",0.6,18.2],[""Ozone"",13.0,53.0]]"
33.4039,-84.7461,0.0,1.3758948E9,NEWNAN,"[[""PM2_5_mass"",2.6,18.0],[""Wind_Speed"",0.0,1.5],[""Wind_Direction"",4.0,351.0],[""Ozone"",0.0,27.0]]"
38.065,-84.5,0.0,1.3758948E9,NEWTWN,"[[""PM2_5_mass"",2.9,19.0],[""Ozone"",12.0,48.0]]"
39.0217,-84.4744,0.0,1.3758948E9,NKU,"[[""PM2_5_mass"",0.0,26.0],[""Ozone"",6.0,53.0]]"
40.1122,-75.3092,0.0,1.3758948E9,NORR,"[[""PM2_5_mass"",0.2,11.9],[""Wind_Speed"",0.6,3.3],[""Relative_Humidity"",34.6,92.0],[""Barometric_Pressure"",1004.6,1012.1],[""Solar_Radiation"",0.0,792.0],[""Precipitation"",0.0,1.8],[""Ozone"",5.0,56.0]]"
33.5531,-86.815,0.0,1.3758948E9,NO_BHAM,"[[""PM2_5_mass"",0.4,20.8],[""PM10_mass"",6.0,22.0],[""Ozone"",0.0,48.0]]"
46.72975,-120.70379,449.3,1.3758948E9,Naches_HWY12,"[[""PM2_5_mass"",2.5,11.1]]"
43.58031,-116.562676,0.0,1.3758948E9,Nampa_Fire_Station,"[[""PM10_mass"",0.0,75.0],[""PM2_5_mass"",0.0,25.2]]"
38.3108,-122.295,4.0,1.3758948E9,Napa_Jefferson_St,"[[""PM2_5_mass"",-2.0,8.0],[""Ozone"",11.0,29.0]]"
41.4942,-71.4219,0.0,1.3758948E9,Narragansett,"[[""PM2_5_mass"",-4.9,13.4],[""Ambient_Temperature"",15.7,26.0],[""Wind_Speed"",1.1,3.6],[""Wind_Direction"",163.0,353.0],[""Ozone"",25.0,66.0]]"
49.4908,-117.2953,542.3,1.3758948E9,Nelson_Kutenai_Place,"[[""PM2_5_mass"",0.0,11.0],[""PM10_mass"",0.0,32.6],[""Ozone"",10.0,48.0]]"
38.3081,-85.8342,0.0,1.3758948E9,New_Albany,"[[""Sulfur_Dioxde"",0.0,10.1],[""PM2_5_mass"",0.3,38.3],[""Ozone"",0.0,61.0]]"
40.472824,-74.422401,20.7,1.3758948E9,New_Brunswick,"[[""PM2_5_mass"",-4.9,2.7]]"
40.720989,-74.192894,26.8,1.3758948E9,Newark_Firehouse,"[[""Nitrogen_Oxides"",4.0,46.0],[""Nitric_Oxide"",0.0,13.0],[""Solar_Radiation"",0.0,849.9],[""Wind_Speed"",0.2,1.3],[""Carbon_Monoxide"",0.16,0.58],[""Sulfur_Dioxde"",0.0,1.2],[""Wind_Direction"",32.0,348.0],[""Relative_Humidity"",36.1,88.1],[""Ambient_Temperature"",19.4,28.9],[""Barometric_Pressure"",1006.0,1015.5],[""PM2_5_mass"",-1.2,18.9],[""Nitrogen_Dioxide_Computed_Nitrogen_Oxides_Nitric_Oxide_"",3.0,32.0],[""Ozone"",1.0,44.0]]"
35.04676,-120.58777,30.5,1.3758948E9,Nipomo_Mesa_CDF,"[[""PM2_5_mass"",2.0,51.0],[""PM10_mass"",7.0,221.0]]"
31.337204,-110.936722,0.0,1.3758948E9,Nogales_Post_Office,"[[""PM10_mass"",9.0,214.0],[""PM2_5_mass"",1.0,27.0]]"
46.3175,-79.4453,0.0,1.3758948E9,North_Bay,"[[""PM2_5_mass"",2.0,8.0],[""Ozone"",1.0,49.0]]"
49.15833,-122.90167,0.0,1.3758948E9,North_Delta,"[[""PM2_5_mass"",0.0,9.4],[""Ozone"",0.0,42.0]]"
33.8233,-118.1883,7.6,1.3758948E9,North_Long_Beach,"[[""PM2_5_mass"",2.0,20.0],[""PM10_mass"",13.0,40.0],[""Ozone"",10.0,46.0]]"
35.612801,-97.472198,0.0,1.3758948E9,North_OKC,"[[""Ambient_Temperature"",18.9,35.0],[""Relative_Humidity"",45.0,99.0],[""Nitrogen_Oxides"",3.0,7.0],[""PM2_5_mass"",3.3,19.3],[""Nitrogen_Dioxide_Computed_Nitrogen_Oxides_Nitric_Oxide_"",0.0,5.0],[""Sulfur_Dioxde"",0.0,0.0],[""Nitric_Oxide"",2.0,3.0],[""Carbon_Monoxide"",0.1,0.7],[""Ozone"",16.0,70.0]]"
40.253502,-111.6632,1411.2,1.3758948E9,North_Provo,"[[""Wind_Direction"",2.0,359.0],[""Carbon_Monoxide"",0.01,0.56],[""Nitrogen_Dioxide_Computed_Nitrogen_Oxides_Nitric_Oxide_"",2.0,32.0],[""Wind_Speed"",0.7,6.7],[""Nitrogen_Oxides"",2.0,43.0],[""Nitric_Oxide"",1.0,13.0],[""PM2_5_mass"",1.4,10.0],[""Ambient_Temperature"",15.0,32.7],[""Ozone"",4.0,62.0]]"
35.187801,-106.603897,1524.1,1.3758948E9,North_Valley,"[[""PM10_mass"",5.6,59.1],[""PM2_5_mass"",-0.1,16.0],[""Ozone"",10.0,55.0]]"
37.7808,-87.0756,0.0,1.3758948E9,OWENPRI,"[[""PM2_5_mass"",0.9,33.2],[""Ozone"",10.0,63.0]]"
37.743061,-122.169907,9.8,1.3758948E9,Oakland,"[[""PM2_5_mass"",-1.0,10.0],[""Ozone"",5.0,24.0]]"
37.8148,-122.282402,2.7,1.3758948E9,Oakland_West,"[[""PM2_5_mass"",-1.0,9.0],[""Ozone"",3.0,22.0]]"
19.117561,-155.778137,70.2,1.3758948E9,Ocean_View,"[[""Wind_Direction"",3.0,359.6],[""Sulfur_Dioxde"",1.0,70.0],[""PM2_5_mass"",-1.0,19.0],[""Wind_Speed"",0.3,3.3]]"
41.206402,-111.975197,1324.6,1.3758948E9,Ogden_2,"[[""Ambient_Temperature"",17.1,31.6],[""PM2_5_mass"",6.0,16.8],[""PM10_mass"",6.0,143.0],[""Nitrogen_Dioxide_Computed_Nitrogen_Oxides_Nitric_Oxide_"",1.0,35.0],[""Nitrogen_Oxides"",1.0,55.0],[""Nitric_Oxide"",-2.0,19.0],[""Wind_Speed"",0.7,4.8],[""Ozone"",8.0,71.0]]"
41.6175,-87.1992,0.0,1.3758948E9,Ogden_Dunes,"[[""PM2_5_mass"",0.1,14.2],[""Ozone"",0.0,66.0]]"
34.4483,-119.2303,233.3,1.3758948E9,Ojai_Ojai_Ave_,"[[""Wind_Direction"",45.0,323.0],[""Relative_Humidity"",38.3,92.4],[""Solar_Radiation"",0.0,921.0],[""Precipitation"",0.0,0.0],[""PM2_5_mass"",0.0,18.0],[""Ambient_Temperature"",11.2,26.1],[""Wind_Speed"",0.4,4.3],[""Ozone"",2.0,56.0]]"
39.2981,-76.604698,11.9,1.3758948E9,Oldtown,"[[""PM2_5_mass"",4.0,21.0],[""Nitric_Oxide"",0.0,17.0],[""Nitrogen_Dioxide_Computed_Nitrogen_Oxides_Nitric_Oxide_"",4.0,25.0],[""Carbon_Monoxide"",0.1,0.3],[""Nitrogen_Oxides"",4.0,32.0]]"
48.39999,-119.518959,262.9,1.3758948E9,Omak_Colville_Tribe,"[[""PM2_5_mass"",3.2,8.7],[""Ambient_Temperature"",16.0,35.4],[""Wind_Speed"",0.2,4.9],[""Wind_Direction"",18.1,355.6]]"
45.4322,-75.6764,0.0,1.3758948E9,Ottawa,"[[""PM2_5_mass"",2.0,11.0],[""Ozone"",8.0,42.0]]"
40.054848,-109.68737,0.0,1.3758948E9,Ouray,"[[""Solar_Radiation"",0.5,945.0],[""Nitrogen_Oxides"",2.4,12.2],[""Nitric_Oxide"",2.4,5.2],[""PM2_5_mass"",3.0,27.0],[""Nitrogen_Dioxide_Computed_Nitrogen_Oxides_Nitric_Oxide_"",0.0,9.0],[""Wind_Speed"",0.7,10.7],[""Wind_Direction"",9.6,345.3],[""Barometric_Pressure"",851.4,859.0],[""Ambient_Temperature"",12.9,31.1],[""Ozone"",18.0,62.0]]"
34.7561,-92.2758,0.0,1.3758948E9,PARR,"[[""PM2_5_mass"",-0.5,42.6],[""Ozone"",4.0,56.0]]"
27.9319,-82.5097,6.1,1.3758948E9,PCEIA3,"[[""PM2_5_mass"",1.5,27.6]]"
40.6978,-89.5889,155.6,1.3758948E9,PEORIA_J,"[[""PM2_5_mass"",-0.4,21.7]]"
45.2039,-90.6,0.0,1.3758948E9,PERKINSTOWN,"[[""PM2_5_mass"",0.0,12.0]]"
32.474239,-85.000038,87.8,1.3758948E9,PHNX_CTY_PM,"[[""PM2_5_mass"",4.8,27.1]]"
37.4828,-82.5353,0.0,1.3758948E9,PIKE2001,"[[""PM2_5_mass"",-1.3,12.2],[""Ozone"",0.0,32.0]]"
42.4478,-73.2547,0.0,1.3758948E9,PITTSFIELD,"[[""PM2_5_mass"",-2.9,45.5]]"
45.61394,-61.36235,0.0,1.3758948E9,PORT_HAWKESBURY,"[[""PM2_5_mass"",0.0,13.0],[""Nitrogen_Dioxide_Computed_Nitrogen_Oxides_Nitric_Oxide_"",1.0,14.0],[""Nitric_Oxide"",0.0,12.0],[""Ozone"",2.0,28.0]]"
42.9533,-82.4564,390.4,1.3758948E9,PORT_HURON,"[[""Wind_Direction"",0.6,352.9],[""Sulfur_Dioxde"",0.1,21.8],[""PM2_5_mass"",1.5,16.7],[""Ambient_Temperature"",13.7,28.3],[""Wind_Speed"",0.2,4.4],[""Ozone"",3.0,59.0]]"
45.5639,-88.81,0.0,1.3758948E9,POTAWATOMI_,"[[""Nitrogen_Oxides"",0.0,1.0],[""Nitric_Oxide"",0.0,0.0],[""Solar_Radiation"",2.9,575.6],[""Ambient_Temperature"",10.0,21.8],[""Relative_Humidity"",49.4,95.6],[""PM2_5_mass"",-1.0,8.0],[""Nitrogen_Dioxide_Computed_Nitrogen_Oxides_Nitric_Oxide_"",0.0,2.0],[""Sulfur_Dioxde"",0.5,1.3],[""Wind_Speed"",0.3,3.8],[""Wind_Direction"",146.0,347.0],[""Ozone"",13.0,34.0]]"
53.8583,-122.7608,583.5,1.3758948E9,PRG_Gladstone_School,"[[""PM2_5_mass"",1.4,28.2],[""PM10_mass"",0.1,44.5],[""Sulfur_Dioxde"",0.0,15.2]]"
53.9147,-122.7419,601.5,1.3758948E9,PRG_Plaza_400,"[[""PM2_5_mass"",0.6,15.1],[""Nitrogen_Dioxide_Computed_Nitrogen_Oxides_Nitric_Oxide_"",2.0,21.0],[""Sulfur_Dioxde"",0.0,42.1],[""Nitric_Oxide"",0.1,18.9],[""Ozone"",1.0,51.0]]"
40.641819,-74.018707,0.0,1.3758948E9,PS_314,"[[""PM2_5_mass"",0.7,11.8]]"
41.9767,-91.6878,0.0,1.3758948E9,PUBLIC_HEALTH,"[[""Barometric_Pressure"",981.9,992.1],[""Carbon_Monoxide"",0.13,0.33],[""Sulfur_Dioxde"",0.0,1.6],[""PM2_5_mass"",0.0,15.0],[""Ambient_Temperature"",14.1,27.3],[""Wind_Speed"",0.4,2.9],[""Wind_Direction"",0.0,358.0],[""Relative_Humidity"",39.1,90.3],[""Ozone"",5.0,46.0]]"
41.97677,-91.68766,0.0,1.3758984E9,PUBLIC_HEALTH_4,"[[""PM2_5_mass"",3.0,19.0]]"
19.2065,-155.4689,0.0,1.3758948E9,Pahala,"[[""PM2_5_mass"",-4.0,12.0],[""Sulfur_Dioxde"",1.0,192.0],[""Wind_Direction"",6.4,357.8],[""Wind_Speed"",0.3,3.8]]"
20.902031,-156.370344,80.5,1.3758948E9,Paia_Maui,"[[""PM2_5_mass"",-4.0,17.0],[""Wind_Speed"",0.9,4.2],[""Wind_Direction"",37.0,111.0]]"
41.726811,-81.242156,203.1,1.3758948E9,Painesville_JFS,"[[""PM2_5_mass"",5.6,24.0],[""Sulfur_Dioxde"",2.0,12.0],[""Ozone"",11.0,49.0]]"
46.77417,-71.36972,10.7,1.375902E9,Parc_Primavere,"[[""PM2_5_mass"",1.0,21.0],[""Nitrogen_Dioxide_Computed_Nitrogen_Oxides_Nitric_Oxide_"",0.0,19.0],[""Ozone"",2.0,43.0]]"
45.3378,-80.0378,0.0,1.3758948E9,Parry_Sound,"[[""PM2_5_mass"",2.0,9.0],[""Ozone"",4.0,52.0]]"
56.7522,-111.4761,0.0,1.3758948E9,Patricia_McInnes,"[[""PM2_5_mass"",1.8,15.1],[""Ozone"",1.0,38.0]]"
42.607575,-113.785297,0.0,1.3758948E9,Paul_Neph,"[[""PM2_5_mass"",2.5,19.6]]"
29.5467,-82.2969,0.0,1.3758948E9,Payne_s_Prarie,"[[""PM2_5_mass"",-0.9,20.1],[""Ozone"",0.0,34.0]]"
21.392834,-157.969131,0.0,1.3758948E9,Pearl_City,"[[""Wind_Speed"",0.6,4.3],[""Wind_Direction"",25.0,354.0],[""PM2_5_mass"",-2.0,5.0],[""PM10_mass"",2.0,35.0]]"
44.3,-78.35,0.0,1.3758948E9,Peterborough,"[[""PM2_5_mass"",2.0,44.0],[""Ozone"",10.0,51.0]]"
47.536712,-116.236867,680.5,1.3758948E9,Pinehurst,"[[""Ambient_Temperature"",12.9,32.0],[""Relative_Humidity"",18.4,90.1],[""Barometric_Pressure"",932.9,938.2],[""Solar_Radiation"",0.0,791.0],[""PM10_mass"",-7.9,55.7],[""PM2_5_mass"",5.0,17.0]]"
39.705799,-79.011902,764.6,1.3758948E9,Piney_Run,"[[""Precipitation"",0.0,10.2],[""Wind_Speed"",0.0,3.0],[""Wind_Direction"",11.0,340.0],[""Relative_Humidity"",51.0,93.0],[""Barometric_Pressure"",926.0,931.0],[""Total_Reactive_Nitrogen"",1.2,6.0],[""Ambient_Temperature"",13.9,24.4],[""PM2_5_mass"",0.0,15.0],[""Solar_Radiation"",0.0,615.0],[""Nitric_Oxide"",0.1,1.6],[""Carbon_Monoxide"",0.1,0.18],[""Sulfur_Dioxde"",-0.5,2.2],[""Ozone"",4.0,57.0]]"
42.0972,-77.2103,0.0,1.3758948E9,Pinnacle_State_Park,"[[""PM2_5_mass"",0.0,0.2],[""Ozone"",17.0,40.0]]"
34.4044,-118.81,0.0,1.3758948E9,Piru_Pacific,"[[""Wind_Direction"",48.0,282.0],[""Relative_Humidity"",41.6,96.0],[""Solar_Radiation"",1.0,951.0],[""Precipitation"",0.0,0.0],[""PM2_5_mass"",0.0,14.0],[""Ambient_Temperature"",11.4,26.6],[""Wind_Speed"",0.3,8.4],[""Ozone"",1.0,49.0]]"
47.3386,-116.885902,828.4,1.3758948E9,Plummer_CDA_Tribe,"[[""Solar_Radiation"",0.0,934.0],[""PM2_5_mass"",-0.4,19.7],[""Ambient_Temperature"",12.3,30.3],[""Wind_Speed"",0.1,3.0],[""Wind_Direction"",3.0,355.9],[""Relative_Humidity"",18.5,95.1],[""Barometric_Pressure"",916.0,921.0]]"
41.083099,-75.3283,370.3,1.3758948E9,Pocono,"[[""PM2_5_mass"",3.4,19.4],[""Ozone"",5.0,38.0]]"
38.1269,-122.9139,0.0,1.3758948E9,Point_Reyes,"[[""PM2_5_mass"",0.0,10.0]]"
36.704201,-97.087502,0.0,1.3758948E9,Ponca_City,"[[""PM2_5_mass"",2.0,11.2],[""Sulfur_Dioxde"",0.0,1.0]]"
30.5019,-91.2111,0.0,1.3758948E9,Port_Allen,"[[""PM2_5_mass"",-2.1,34.5],[""Ozone"",-3.0,59.0]]"
42.6725,-81.1647,0.0,1.3758948E9,Port_Stanley,"[[""PM2_5_mass"",1.0,17.0],[""Ozone"",8.0,63.0]]"
48.998333,-116.359419,0.0,1.3758948E9,Porthill,"[[""PM2_5_mass"",4.3,8.3]]"
43.0825,-70.761902,10.7,1.3758948E9,Portsmouth,"[[""PM2_5_mass"",-4.9,36.2],[""Ambient_Temperature"",15.2,30.2],[""Sulfur_Dioxde"",-0.1,0.5],[""Ozone"",8.0,55.0]]"
46.921,-116.89625,0.0,1.3758948E9,Potlatch,"[[""PM2_5_mass"",5.5,14.5]]"
42.692131,-90.696373,0.0,1.3758948E9,Potosi,"[[""Ambient_Temperature"",13.1,25.8],[""Wind_Speed"",0.3,5.0],[""Wind_Direction"",1.0,356.0],[""PM2_5_mass"",0.0,13.0]]"
49.8891,-124.5625,140.0,1.3758948E9,Powell_River_James_T,"[[""PM2_5_mass"",0.0,6.5],[""PM10_mass"",0.0,18.7]]"
39.83562,-84.72049,0.0,1.3758948E9,Preble_County,"[[""PM2_5_mass"",3.8,50.9],[""Ozone"",0.0,47.0]]"
41.8081,-71.415,0.0,1.3758948E9,Providence,"[[""Wind_Direction"",143.0,306.0],[""Relative_Humidity"",39.0,92.0],[""PM2_5_mass"",3.9,19.2],[""Ambient_Temperature"",15.5,27.8],[""Wind_Speed"",1.2,3.8]]"
46.7245,-117.1801,771.3,1.3758948E9,Pullman_Dexter_Ave,"[[""PM2_5_mass"",6.3,21.4]]"
47.140499,-122.299202,134.8,1.3758948E9,Puyallup_128th_St,"[[""Ambient_Temperature"",13.6,30.8],[""Wind_Speed"",0.1,1.9],[""Wind_Direction"",167.1,347.6],[""Barometric_Pressure"",995.0,1002.0],[""PM2_5_mass"",0.9,9.4]]"
52.9631,-122.4506,456.3,1.3758948E9,Quesnel_Maple_Drive,"[[""PM2_5_mass"",0.0,17.4],[""PM10_mass"",6.5,46.4]]"
40.3833,-75.9686,92.1,1.3758948E9,REA3,"[[""PM2_5_mass"",2.0,19.4],[""Ozone"",7.0,56.0]]"
35.551899,-80.394997,240.0,1.3758948E9,ROCKWELL,"[[""PM2_5_mass"",0.0,13.3],[""Ozone"",4.0,45.0]]"
35.408138,-94.524414,136.6,1.3758948E9,ROLAND,"[[""PM10_mass"",0.1,101.8],[""PM2_5_mass"",2.8,30.3],[""Ozone"",3.0,51.0]]"
46.6588,-112.0131,1139.8,1.3758948E9,ROSSITER_Pump_House,"[[""PM2_5_mass"",-1.4,48.7]]"
43.608528,-72.98246,171.1,1.3758948E9,RUTLAND,"[[""Solar_Radiation"",-3.4,749.7],[""PM2_5_mass"",-1.0,10.0],[""Nitrogen_Dioxide_Computed_Nitrogen_Oxides_Nitric_Oxide_"",1.0,11.0],[""Carbon_Monoxide"",0.3,0.6],[""Sulfur_Dioxde"",0.0,0.2],[""Ambient_Temperature"",10.6,29.7],[""Wind_Speed"",0.5,3.0],[""Wind_Direction"",10.4,327.0],[""Relative_Humidity"",31.0,87.3],[""Barometric_Pressure"",988.1,997.9]]"
40.603943,-74.276176,2.7,1.3758948E9,Rahway_PM,"[[""PM2_5_mass"",1.2,26.7]]"
40.086941,-108.761002,1656.2,1.3758948E9,Rangely_CO,"[[""PM2_5_mass"",5.0,17.0],[""Nitrogen_Dioxide_Computed_Nitrogen_Oxides_Nitric_Oxide_"",-1.0,4.0],[""Solar_Radiation"",0.0,992.0],[""Nitrogen_Oxides"",-0.8,4.2],[""Nitric_Oxide"",0.0,0.6],[""Precipitation"",0.0,0.0],[""Ambient_Temperature"",12.2,28.6],[""Wind_Speed"",0.5,8.0],[""Relative_Humidity"",14.0,62.0],[""Ozone"",20.0,58.0]]"
52.2989,-113.7942,0.0,1.3758948E9,Red_Deer,"[[""PM2_5_mass"",3.3,22.4],[""Ozone"",10.0,36.0]]"
37.4828,-122.2022,0.9,1.3758948E9,Redwood_City,"[[""PM2_5_mass"",-1.0,18.0],[""Ozone"",4.0,25.0]]"
39.525082,-119.807716,0.0,1.3758948E9,Reno,"[[""PM10_mass"",2.0,95.0],[""PM2_5_mass"",-2.9,17.3],[""Nitrogen_Dioxide_Computed_Nitrogen_Oxides_Nitric_Oxide_"",3.0,20.0],[""Carbon_Monoxide"",0.09,0.77],[""Ozone"",11.0,58.0]]"
34.1992,-118.5331,70.8,1.3758948E9,Reseda,"[[""PM2_5_mass"",0.0,31.0],[""Ozone"",5.0,63.0]]"
46.3349,-116.535797,1077.6,1.3758948E9,Reubens_ID,"[[""PM2_5_mass"",2.2,36.9],[""Barometric_Pressure"",891.5,894.8],[""Ambient_Temperature"",11.0,31.3],[""Relative_Humidity"",10.3,63.8],[""Precipitation"",0.0,0.0]]"
43.809486,-111.800475,0.0,1.3758948E9,Rexburg_Neph,"[[""PM2_5_mass"",2.7,12.1]]"
39.531799,-107.782303,1571.1,1.3758948E9,Rifle_Particulate,"[[""PM2_5_mass"",0.6,11.1],[""PM10_mass"",3.6,32.0]]"
38.2183,-121.77,6.7,1.3758948E9,Rio_Vista_,"[[""PM2_5_mass"",0.0,13.0]]"
47.127998,-118.381897,550.2,1.3758948E9,Ritzville_Alder_St_,"[[""PM2_5_mass"",0.2,14.4]]"
35.0508,-85.2931,0.0,1.3758948E9,Riverside,"[[""PM2_5_mass"",4.3,23.9]]"
33.741699,-117.958099,0.0,1.3758948E9,Riverside_Magnolia,"[[""PM2_5_mass"",5.0,40.0],[""PM10_mass"",18.0,62.0]]"
34.0103,-117.4258,78.7,1.3758948E9,Riverside_Rubidoux,"[[""PM2_5_mass"",5.0,35.0],[""PM10_mass"",32.0,63.0],[""Ozone"",0.0,70.0]]"
43.9947,-92.4497,0.0,1.3758948E9,Rochester,"[[""PM2_5_mass"",-3.0,14.0],[""Ozone"",0.0,53.0]]"
41.182079,-74.028191,140.0,1.3758948E9,Rockland_Cty,"[[""PM2_5_mass"",1.7,15.3],[""Ozone"",9.0,48.0]]"
39.114399,-77.106903,124.4,1.3758948E9,Rockville,"[[""PM2_5_mass"",1.0,15.0],[""Precipitation"",0.0,6.9],[""Ambient_Temperature"",20.0,27.8],[""Wind_Speed"",0.1,1.8],[""Wind_Direction"",55.0,353.0],[""Relative_Humidity"",47.0,87.0],[""Barometric_Pressure"",997.0,1003.0],[""Ozone"",0.0,61.0]]"
49.28083,-122.84917,4.9,1.3758948E9,Rocky_Point_Park,"[[""PM2_5_mass"",2.4,10.2],[""Ozone"",1.0,37.0]]"
47.2313,-117.3685,685.3,1.3758948E9,Rosalia_Josephine_St,"[[""PM2_5_mass"",5.4,16.9]]"
32.1731,-110.9797,0.0,1.3758948E9,Rose_Elementary,"[[""PM2_5_mass"",0.8,22.0],[""Ozone"",0.0,55.0]]"
34.9789,-85.3009,200.1,1.3758948E9,Rossville,"[[""PM2_5_mass"",0.4,22.9]]"
26.7308,-80.2339,0.0,1.3758948E9,Royal_Palm_Beach,"[[""PM2_5_mass"",0.8,22.7],[""Ozone"",3.0,31.0]]"
45.2536,-66.0803,54.9,1.3758948E9,SAINT_JOHN_WEST,"[[""PM2_5_mass"",0.0,20.0],[""Ozone"",15.0,32.0]]"
46.49361,-84.364197,390.4,1.3758948E9,SAULT_STE_MARIE,"[[""Ambient_Temperature"",11.4,22.2],[""PM2_5_mass"",-4.1,9.9],[""Ozone"",2.0,33.0]]"
41.4428,-75.6231,0.0,1.3758948E9,SCRA,"[[""PM2_5_mass"",3.9,20.4],[""Ozone"",1.0,53.0]]"
38.6444,-75.6131,0.0,1.3758948E9,SEAFORD,"[[""PM2_5_mass"",1.3,16.9],[""Ozone"",10.0,49.0]]"
46.2889,-85.9503,0.0,1.3758948E9,SENEY,"[[""PM2_5_mass"",2.5,7.2],[""Ambient_Temperature"",9.4,22.2],[""Wind_Speed"",0.1,5.3],[""Wind_Direction"",11.3,340.6],[""Ozone"",1.0,31.0]]"
35.151588,-89.85022,87.5,1.3758948E9,SHELBY_FARMS,"[[""PM2_5_mass"",0.0,52.0],[""Ozone"",6.0,65.0]]"
46.3864,-62.5828,15.3,1.376244E9,SOUTHAMPTON,"[[""PM2_5_mass"",5.0,8.0],[""Nitrogen_Dioxide_Computed_Nitrogen_Oxides_Nitric_Oxide_"",0.0,0.0],[""Nitric_Oxide"",0.0,0.0],[""Ozone"",15.0,23.0]]"
36.1797,-94.1167,407.2,1.3758948E9,SPRNGDLE,"[[""PM2_5_mass"",-0.6,29.4],[""Ozone"",19.0,51.0]]"
40.8114,-77.8769,0.0,1.3758948E9,STAT,"[[""PM2_5_mass"",0.3,18.6],[""Ozone"",2.0,40.0]]"
45.0892,-67.0786,0.0,1.3758948E9,ST_ANDREWS,"[[""PM2_5_mass"",0.0,8.0],[""Ozone"",12.0,35.0]]"
46.1425,-60.1728,0.0,1.3758948E9,SYDNEY,"[[""Nitric_Oxide"",0.0,11.0],[""PM2_5_mass"",0.0,21.7],[""Nitrogen_Dioxide_Computed_Nitrogen_Oxides_Nitric_Oxide_"",0.0,8.0],[""Sulfur_Dioxde"",0.0,2.3],[""Ozone"",0.0,43.0]]"
45.1167,-74.2833,49.4,1.3758948E9,Saint_Anicet,"[[""PM2_5_mass"",5.9,19.8],[""Ozone"",5.0,53.0]]"
45.178699,-113.892998,0.0,1.3758948E9,Salmon,"[[""PM2_5_mass"",1.0,34.0],[""Ambient_Temperature"",6.3,33.5],[""Relative_Humidity"",6.5,81.0],[""Barometric_Pressure"",876.0,881.0],[""Solar_Radiation"",0.0,966.5]]"
38.2019,-120.680603,0.0,1.3758948E9,San_Andreas,"[[""PM2_5_mass"",3.0,24.0],[""Ambient_Temperature"",10.0,30.0],[""Wind_Speed"",0.0,3.6],[""Wind_Direction"",19.0,349.0],[""Ozone"",5.0,52.0]]"
37.7658,-122.3978,1.5,1.3758948E9,San_Francisco,"[[""PM2_5_mass"",2.0,12.0],[""Ozone"",7.0,22.0]]"
37.9604,-122.3571,19.8,1.3758948E9,San_Pablo_Rumrill,"[[""PM2_5_mass"",-1.0,10.0],[""Ozone"",9.0,24.0]]"
37.9722,-122.5189,0.9,1.3758948E9,San_Rafael,"[[""PM2_5_mass"",-1.0,11.0],[""Ozone"",7.0,26.0]]"
48.291821,-116.556557,0.0,1.3758948E9,Sandpoint_U_of_I,"[[""Wind_Speed"",0.5,5.4],[""Wind_Direction"",16.7,234.8],[""Relative_Humidity"",32.2,71.0],[""Barometric_Pressure"",934.0,938.0],[""Solar_Radiation"",0.0,837.7],[""PM2_5_mass"",-2.4,14.8],[""PM10_mass"",0.0,133.7],[""Ambient_Temperature"",15.8,29.4]]"
34.3833,-118.5283,116.8,1.3758948E9,Santa_Clarita,"[[""PM2_5_mass"",3.0,23.0],[""Ozone"",6.0,80.0]]"
36.985802,-121.993103,0.0,1.3758948E9,Santa_Cruz_AMS,"[[""Ambient_Temperature"",13.7,22.8],[""Wind_Speed"",0.6,4.6],[""Wind_Direction"",26.0,345.0],[""PM2_5_mass"",-1.0,8.0],[""Ozone"",3.0,26.0]]"
35.6198,-106.0797,1931.3,1.3758948E9,Santa_Fe_Airport,"[[""PM2_5_mass"",-2.0,6.1],[""Ozone"",23.0,57.0]]"
35.6717,-105.955,0.0,1.3758948E9,Santa_Fe_Runnels,"[[""PM2_5_mass"",-1.9,6.9]]"
38.4431,-122.7097,15.6,1.3758948E9,Santa_Rosa,"[[""PM2_5_mass"",0.0,8.0],[""Ambient_Temperature"",12.1,22.5],[""Solar_Radiation"",0.0,930.0],[""Wind_Speed"",0.9,6.1],[""Wind_Direction"",139.9,324.1],[""Precipitation"",0.0,0.0],[""Ozone"",5.0,22.0]]"
42.9806,-82.4056,0.0,1.3758948E9,Sarnia,"[[""PM2_5_mass"",0.0,12.0],[""Ozone"",14.0,58.0]]"
46.5331,-84.3094,0.0,1.3758948E9,Sault_Ste_Marie,"[[""PM2_5_mass"",2.0,8.0],[""Ozone"",6.0,33.0]]"
32.0903,-81.1306,11.9,1.3758948E9,Savannah_L_A,"[[""PM2_5_mass"",0.4,30.6],[""Wind_Speed"",0.1,2.8],[""Wind_Direction"",6.0,318.0]]"
47.568236,-122.308628,101.9,1.3758948E9,Seattle_Beacon_Hill,"[[""Ambient_Temperature"",14.0,27.6],[""Wind_Speed"",0.4,3.9],[""Wind_Direction"",7.5,355.6],[""Relative_Humidity"",36.0,99.0],[""PM2_5_mass"",2.2,17.1],[""Ozone"",0.0,40.0]]"
47.615299,-122.330002,50.9,1.3758948E9,Seattle_Olive_St,"[[""Wind_Speed"",0.6,7.6],[""Wind_Direction"",1.9,358.9],[""PM2_5_mass"",2.7,11.3],[""Ambient_Temperature"",15.3,28.7]]"
47.5309,-122.3208,8.8,1.3758948E9,Seattle_South_Park,"[[""PM2_5_mass"",4.8,12.4]]"
36.1589,-98.9353,0.0,1.3758948E9,Seiling,"[[""PM2_5_mass"",-3.7,24.9],[""Ozone"",7.0,62.0]]"
29.5875,-98.3122,225.7,1.3758948E9,Selma_C301,"[[""PM2_5_mass"",5.8,42.5]]"
47.213551,-123.100807,7.0,1.3758948E9,Shelton_W_Franklin,"[[""PM2_5_mass"",0.9,23.8]]"
38.5231,-78.4347,1073.3,1.3758948E9,Shenandoah_NP,"[[""PM2_5_mass"",3.3,11.4],[""Ozone"",29.0,55.0]]"
32.5364,-93.7492,0.0,1.3758948E9,Shreveport_Airport,"[[""PM2_5_mass"",3.7,39.6],[""Ozone"",7.0,53.0]]"
43.54792,-96.700768,451.1,1.3758984E9,Sioux_Falls,"[[""PM2_5_mass"",6.8,19.5],[""Ozone"",9.0,51.0]]"
44.9636,-67.060799,7.9,1.3758948E9,Sipayik_ME,"[[""Ambient_Temperature"",11.1,26.3],[""Relative_Humidity"",44.5,94.9],[""Barometric_Pressure"",1001.1,1018.8],[""Solar_Radiation"",-1.4,866.4],[""Precipitation"",0.0,0.1],[""PM2_5_mass"",-2.7,5.6],[""Ozone"",16.0,41.0]]"
54.7831,-127.1775,481.3,1.3758948E9,Smithers_St_Josephs,"[[""PM2_5_mass"",1.1,13.9],[""Nitrogen_Dioxide_Computed_Nitrogen_Oxides_Nitric_Oxide_"",-0.0,9.0],[""Nitric_Oxide"",0.1,26.6]]"
37.04926,-86.21487,0.0,1.3758948E9,Smiths_Grove,"[[""PM2_5_mass"",0.4,19.4],[""Ozone"",1.0,47.0]]"
31.66752,-106.28774,1116.9,1.3758948E9,Socorro_Hueco_C49,"[[""Ambient_Temperature"",21.5,34.5],[""PM2_5_mass"",4.6,18.4],[""PM10_mass"",13.9,59.7],[""Ozone"",4.0,55.0]]"
42.65167,-111.61472,0.0,1.3758948E9,Soda_Springs_Neph,"[[""PM2_5_mass"",2.3,6.2]]"
39.923969,-75.122314,4.9,1.3758948E9,South_Camden,"[[""PM2_5_mass"",-0.8,26.7]]"
33.6906,-84.2731,0.0,1.3758948E9,South_Dekalb,"[[""PM10_mass"",10.2,31.0],[""PM2_5_mass"",0.7,17.2],[""Ambient_Temperature"",22.5,30.6],[""Wind_Speed"",0.0,1.1],[""Wind_Direction"",12.0,359.0],[""Relative_Humidity"",69.0,100.0],[""Barometric_Pressure"",990.0,996.0],[""Precipitation"",0.0,5.6],[""Ozone"",0.0,44.0]]"
33.4033,-112.0731,307.4,1.3758948E9,South_Phoenix,"[[""PM2_5_mass"",3.0,8.0],[""PM10_mass"",12.0,70.0],[""Wind_Speed"",0.0,2.7],[""Wind_Direction"",82.0,329.0],[""Ozone"",0.0,58.0]]"
35.0186,-106.651901,1508.8,1.3758948E9,South_Valley,"[[""PM10_mass"",4.1,51.7],[""PM2_5_mass"",0.4,10.3],[""Ozone"",12.0,54.0]]"
39.540916,-119.746758,0.0,1.3758948E9,Sparks,"[[""Carbon_Monoxide"",0.1,0.6],[""PM10_mass"",4.0,986.0],[""PM2_5_mass"",1.0,16.1],[""Ozone"",3.0,59.0]]"
47.6997,-117.4263,634.4,1.3758948E9,Spokane_Monroe_St_,"[[""PM2_5_mass"",5.2,14.0]]"
40.00103,-83.80456,298.9,1.3758948E9,Springfield,"[[""Carbon_Monoxide"",0.1,0.2],[""Sulfur_Dioxde"",1.3,1.9],[""Nitrogen_Oxides"",3.0,33.0],[""Nitric_Oxide"",0.0,13.0],[""PM2_5_mass"",-0.3,17.0],[""Nitrogen_Dioxide_Computed_Nitrogen_Oxides_Nitric_Oxide_"",2.0,21.0],[""Ozone"",-1.0,57.0]]"
39.92882,-83.80949,0.0,1.3758948E9,Springfield_PM,"[[""PM2_5_mass"",3.9,34.3]]"
30.128901,-85.738098,0.0,1.3758948E9,St_Andrews_Park,"[[""PM2_5_mass"",0.8,17.7],[""Ozone"",9.0,39.0]]"
43.1583,-79.235,0.0,1.3758948E9,St_Catharines,"[[""PM2_5_mass"",2.0,16.0],[""Ozone"",4.0,58.0]]"
45.55,-94.1333,0.0,1.3758948E9,St_Cloud,"[[""PM2_5_mass"",0.0,7.0],[""Ozone"",0.0,44.0]]"
39.741699,-94.858299,257.7,1.3758948E9,St_Joseph,"[[""Ambient_Temperature"",18.0,31.1],[""Relative_Humidity"",46.0,93.0],[""Barometric_Pressure"",981.5,991.2],[""PM2_5_mass"",1.7,24.8]]"
43.600699,-116.347853,826.2,1.3758948E9,St_Lukes_Meridian,"[[""Total_Reactive_Nitrogen"",1.7,46.1],[""Ambient_Temperature"",4.2,357.7],[""Wind_Speed"",0.8,4.7],[""Relative_Humidity"",11.4,61.2],[""Barometric_Pressure"",918.0,923.0],[""Solar_Radiation"",0.0,919.2],[""Carbon_Monoxide"",0.1,0.4],[""Sulfur_Dioxde"",4.0,7.4],[""PM2_5_mass"",3.6,39.5],[""Nitric_Oxide"",0.0,20.3],[""Wind_Direction"",11.1,342.0],[""Ozone"",4.0,68.0]]"
47.3167,-116.570297,664.9,1.3758948E9,St_Maries,"[[""PM2_5_mass"",-1.5,18.9]]"
45.2108,-93.6686,0.0,1.3758948E9,St_Michael,"[[""PM2_5_mass"",1.0,15.0],[""Ozone"",1.0,50.0]]"
53.1325,-117.09111,0.0,1.3758948E9,Steeper,"[[""Sulfur_Dioxde"",0.0,1.0],[""PM2_5_mass"",-1.3,6.4],[""Nitrogen_Dioxide_Computed_Nitrogen_Oxides_Nitric_Oxide_"",0.0,5.0],[""Ozone"",3.0,32.0]]"
40.366452,-80.615691,0.0,1.3758948E9,Steubenville,"[[""Sulfur_Dioxde"",-1.0,26.0],[""PM2_5_mass"",0.3,36.5],[""Ozone"",1.0,60.0]]"
27.172459,-80.240692,0.0,1.3758948E9,Stuart,"[[""PM2_5_mass"",2.6,27.1],[""Ozone"",9.0,33.0]]"
31.7958,-106.5575,1146.8,1.3758948E9,Sunland_Park,"[[""PM10_mass"",9.8,45.6],[""PM2_5_mass"",-0.1,24.6],[""Ozone"",7.0,47.0]]"
39.2787,-84.36612,298.9,1.3758948E9,Sycamore,"[[""Wind_Direction"",6.0,328.0],[""PM2_5_mass"",4.9,28.8],[""Wind_Speed"",0.3,1.6],[""Ozone"",4.0,54.0]]"
57.149,-111.642,0.0,1.3758948E9,Syncrude_UE1,"[[""PM2_5_mass"",1.6,32.8],[""Ozone"",1.0,50.0]]"
41.995602,-83.946701,0.0,1.3758948E9,TECUMSEH,"[[""PM2_5_mass"",2.6,16.0],[""Ambient_Temperature"",15.2,27.9],[""Wind_Speed"",0.5,3.8],[""Wind_Direction"",5.8,352.5],[""Ozone"",6.0,51.0]]"
34.955601,-81.924797,232.1,1.3758948E9,TK_Gregg,"[[""PM2_5_mass"",2.8,14.5]]"
47.2656,-122.3858,0.9,1.3758948E9,Tacoma_Alexander_Ave,"[[""Wind_Speed"",1.3,5.3],[""Wind_Direction"",2.0,351.3],[""PM2_5_mass"",2.3,16.1]]"
47.1864,-122.4517,104.0,1.3758948E9,Tacoma_L_St,"[[""Ambient_Temperature"",13.4,29.1],[""Wind_Speed"",0.5,2.3],[""Wind_Direction"",1.3,358.2],[""PM2_5_mass"",0.0,52.7]]"
39.12886,-84.50404,0.0,1.3758948E9,Taft,"[[""Sulfur_Dioxde"",-0.1,32.8],[""PM2_5_mass"",1.6,26.8],[""PM10_mass"",13.5,39.7],[""Nitrogen_Dioxide_Computed_Nitrogen_Oxides_Nitric_Oxide_"",3.0,22.0],[""Carbon_Monoxide"",0.1,0.4],[""Ozone"",4.0,66.0]]"
36.3833,-105.5833,2135.0,1.3758948E9,Taos_Fire_Statio,"[[""PM2_5_mass"",-2.4,11.1]]"
33.4124,-111.9347,352.3,1.3758948E9,Tempe,"[[""Wind_Speed"",0.0,1.8],[""Wind_Direction"",47.0,355.0],[""PM2_5_mass"",0.0,19.0],[""Ozone"",2.0,60.0]]"
29.7639,-90.7653,1.5,1.3758948E9,Thibodaux,"[[""PM2_5_mass"",0.7,29.8],[""Ozone"",0.0,51.0]]"
44.2994,-81.5753,0.0,1.3758948E9,Tiverton,"[[""PM2_5_mass"",2.0,5.0],[""Ozone"",10.0,55.0]]"
53.37,-115.1906,0.0,1.3758948E9,Tomahawk,"[[""PM2_5_mass"",0.3,16.3],[""Ozone"",7.0,57.0]]"
42.9981,-78.8993,182.1,1.3758948E9,Tonawanda_II,"[[""PM2_5_mass"",0.4,18.3]]"
40.539299,-112.299797,0.0,1.3758948E9,Tooele,"[[""Ambient_Temperature"",20.2,31.0],[""PM2_5_mass"",1.6,8.3],[""Wind_Speed"",1.1,5.9],[""Wind_Direction"",1.0,356.0],[""Ozone"",25.0,59.0]]"
43.6619,-79.3853,0.0,1.3758948E9,Toronto_Downtown,"[[""PM2_5_mass"",3.0,24.0],[""Ozone"",15.0,70.0]]"
35.185,-106.5077,1805.3,1.3758948E9,Tramway,"[[""PM2_5_mass"",-1.4,4.6],[""Ozone"",24.0,54.0]]"
33.7397,-81.8536,193.1,1.3758948E9,Trenton,"[[""PM2_5_mass"",3.4,34.1],[""Ozone"",1.0,31.0]]"
39.104698,-94.570602,296.2,1.3758948E9,Troost,"[[""Nitrogen_Dioxide_Computed_Nitrogen_Oxides_Nitric_Oxide_"",2.0,31.0],[""PM2_5_mass"",3.8,22.9],[""Ambient_Temperature"",19.2,31.0],[""Barometric_Pressure"",979.0,988.4],[""Nitrogen_Oxides"",1.8,50.3],[""Nitric_Oxide"",-0.2,21.8],[""Sulfur_Dioxde"",0.4,9.0]]"
39.3386,-120.170303,0.0,1.3761252E9,Truckee_BAM,"[[""Wind_Direction"",0.0,0.0],[""PM2_5_mass"",18.0,28.0],[""Wind_Speed"",0.3,0.3]]"
42.563999,-114.446098,0.0,1.3758948E9,Twin_Falls,"[[""PM2_5_mass"",-0.4,25.8]]"
48.3645,-120.1211,492.3,1.3758948E9,Twisp_Glover_St,"[[""PM2_5_mass"",2.9,11.4]]"
42.751518,-96.707208,0.0,1.3758984E9,UC1,"[[""PM2_5_mass"",0.3,15.8],[""Ozone"",3.0,38.0]]"
42.850975,-96.747425,0.0,1.375902E9,UC2,"[[""PM2_5_mass"",3.2,18.5]]"
41.7268,-122.6339,0.0,1.3758948E9,UNIT_1014,"[[""PM2_5_mass"",-4.0,133.0]]"
37.9672,-119.1196,0.0,1.3758948E9,UNIT_1020,"[[""PM2_5_mass"",-3.0,87.0]]"
43.0994,-75.225,0.0,1.3758948E9,UTICA,"[[""PM2_5_mass"",-4.0,9.2]]"
44.528389,-72.868973,388.0,1.3758948E9,Underhill,"[[""PM2_5_mass"",5.9,14.8],[""Ambient_Temperature"",12.8,26.2],[""Wind_Speed"",0.6,2.8],[""Wind_Direction"",1.0,315.4],[""Relative_Humidity"",46.3,87.1],[""Carbon_Monoxide"",0.12,0.24],[""Sulfur_Dioxde"",-0.1,0.0],[""Barometric_Pressure"",962.9,972.1],[""Solar_Radiation"",-1.7,628.2],[""Total_Reactive_Nitrogen"",0.8,3.2],[""Nitrogen_Dioxed_Computed_Total_Reactive_Nitrogen_Nitric_oxide_"",0.7,3.1],[""Nitric_Oxide"",-0.1,0.2],[""Ozone"",25.0,53.0]]"
34.0986,-117.6733,126.6,1.3758948E9,Upland,"[[""PM2_5_mass"",9.0,38.0],[""PM10_mass"",17.0,61.0],[""Ozone"",1.0,89.0]]"
40.452301,-109.509697,0.0,1.3758948E9,VERNAL,"[[""Wind_Speed"",0.9,7.3],[""Wind_Direction"",5.0,348.0],[""PM2_5_mass"",2.9,9.1],[""Ambient_Temperature"",14.6,30.0],[""Ozone"",13.0,61.0]]"
38.3525,-121.9617,0.0,1.3758948E9,Vacaville,"[[""Wind_Direction"",9.0,257.0],[""Ambient_Temperature"",13.0,30.9],[""PM2_5_mass"",0.0,8.0],[""Wind_Speed"",0.0,5.7],[""Ozone"",3.0,38.0]]"
30.8486,-83.2933,69.8,1.3758948E9,Valdosta,"[[""PM2_5_mass"",0.2,24.8]]"
38.102507,-122.237976,5.8,1.3758948E9,Vallejo,"[[""PM2_5_mass"",0.0,9.0],[""Wind_Speed"",2.5,6.7],[""Ambient_Temperature"",13.8,22.4],[""Relative_Humidity"",52.2,86.6],[""Wind_Direction"",218.6,298.0],[""Ozone"",12.0,27.0]]"
47.5212,-92.5393,0.0,1.3758948E9,Virginia,"[[""PM2_5_mass"",4.0,15.0]]"
19.977467,-155.798067,180.3,1.3758948E9,WAIKOLOA,"[[""PM2_5_mass"",-1.0,11.0],[""Sulfur_Dioxde"",0.0,3.0],[""Wind_Speed"",0.5,9.8],[""Wind_Direction"",25.0,343.0]]"
42.298302,-72.334396,0.0,1.3758948E9,WARE,"[[""Nitrogen_Oxides"",2.0,5.0],[""Nitric_Oxide"",1.0,2.0],[""Precipitation"",0.0,10.4],[""Sulfur_Dioxde"",0.4,0.7],[""PM2_5_mass"",-2.6,36.9],[""Nitrogen_Dioxide_Computed_Nitrogen_Oxides_Nitric_Oxide_"",0.0,3.0],[""Wind_Direction"",136.0,345.0],[""Barometric_Pressure"",973.1,983.8],[""Solar_Radiation"",2.0,639.0],[""Ozone"",18.0,53.0]]"
40.17,-80.2617,0.0,1.3758948E9,WASH,"[[""PM2_5_mass"",2.3,17.1],[""Ozone"",0.0,57.0]]"
38.0608,-85.8961,0.0,1.3758948E9,WATSON,"[[""PM2_5_mass"",6.5,32.6],[""Ozone"",0.0,53.0]]"
46.4783,-63.9869,33.9,1.376244E9,WELLINGTON,"[[""PM2_5_mass"",16.0,24.0],[""Nitrogen_Dioxide_Computed_Nitrogen_Oxides_Nitric_Oxide_"",0.0,1.0],[""Nitric_Oxide"",0.0,0.0],[""Ozone"",13.0,20.0]]"
43.557613,-103.483658,1290.2,1.3758948E9,WIND_CAVE,"[[""PM2_5_mass"",0.1,10.6],[""Ozone"",31.0,49.0]]"
33.4997,-86.9242,0.0,1.3758948E9,WYLAM,"[[""PM2_5_mass"",-3.7,25.8],[""PM10_mass"",2.0,44.0]]"
41.615,-71.7197,0.0,1.3758948E9,W_Greenwich,"[[""PM2_5_mass"",2.7,12.6],[""Ambient_Temperature"",9.9,28.0],[""Wind_Speed"",0.0,2.5],[""Wind_Direction"",79.0,352.0],[""Relative_Humidity"",43.0,96.0],[""Barometric_Pressure"",999.9,1012.1],[""Ozone"",4.0,61.0]]"
35.041401,-78.953102,61.0,1.3758948E9,W_OWEN_SCH,"[[""Ambient_Temperature"",21.6,34.3],[""PM2_5_mass"",3.9,14.6],[""Relative_Humidity"",47.1,94.6],[""Solar_Radiation"",0.0,846.0],[""Precipitation"",0.0,0.0]]"
31.6531,-97.0706,140.3,1.3758948E9,Waco_C1037,"[[""Ambient_Temperature"",24.7,38.4],[""Solar_Radiation"",0.1,1025.0],[""PM2_5_mass"",4.6,38.6],[""Ozone"",9.0,61.0]]"
46.0588,-118.3514,266.9,1.3758948E9,Walla_Walla_12th_St,"[[""PM2_5_mass"",4.2,14.1]]"
44.7639,-121.2694,1602.2,1.3758948E9,Warm_Springs_OR,"[[""PM2_5_mass"",0.7,28.9]]"
32.6056,-83.5979,90.0,1.3758948E9,Warner_Robins,"[[""PM2_5_mass"",-0.4,16.0]]"
41.231167,-80.801914,276.6,1.3758948E9,Warren_Laird_Ave_,"[[""PM2_5_mass"",3.6,20.2]]"
41.5503,-73.0442,0.0,1.3758948E9,Waterbury,"[[""Ambient_Temperature"",13.0,27.3],[""Wind_Speed"",0.3,4.8],[""Wind_Direction"",0.7,359.6],[""PM2_5_mass"",2.0,16.0]]"
44.89965,-97.128802,0.0,1.3758948E9,Watertown,"[[""PM2_5_mass"",5.1,12.9]]"
44.261694,-116.979172,0.0,1.3758948E9,Weiser_Neph,"[[""PM2_5_mass"",5.0,12.2]]"
47.43061,-120.34195,79.3,1.3758948E9,Wenatchee_Fifth_St,"[[""Ambient_Temperature"",20.9,35.4],[""Wind_Speed"",0.8,4.6],[""Wind_Direction"",29.8,359.7],[""PM2_5_mass"",1.4,34.1]]"
46.743889,-92.166946,0.0,1.3758948E9,West_Duluth,"[[""PM2_5_mass"",0.0,20.0]]"
39.210883,-87.668416,0.0,1.3758948E9,West_Union,"[[""Ambient_Temperature"",17.5,29.0],[""Relative_Humidity"",59.6,98.7],[""Barometric_Pressure"",995.1,1003.9],[""PM2_5_mass"",23.0,53.0],[""Sulfur_Dioxde"",0.0,5.0],[""Ozone"",-1.0,48.0]]"
30.2625,-93.285,0.0,1.3758948E9,Westlake,"[[""PM2_5_mass"",2.3,48.7],[""Ozone"",1.0,43.0]]"
41.0522,-73.7642,0.0,1.3758948E9,White_Plains,"[[""PM2_5_mass"",0.6,16.7],[""Ozone"",8.0,55.0]]"
30.4264,-82.7947,0.0,1.3758948E9,White_Springs,"[[""PM2_5_mass"",-3.2,25.2]]"
44.3647,-73.9017,0.0,1.3758948E9,Whiteface_Mtn,"[[""PM2_5_mass"",0.0,0.1]]"
33.863022,-98.571788,311.1,1.3758948E9,Wichita_Falls_C315,"[[""PM2_5_mass"",2.8,26.9],[""Ambient_Temperature"",22.7,43.2]]"
39.5175,-122.1903,0.0,1.3758948E9,Willows_Colusa,"[[""PM2_5_mass"",0.0,21.0],[""Ozone"",3.0,49.0]]"
42.3144,-83.0433,0.0,1.3758948E9,Windsor_Downtown,"[[""PM2_5_mass"",5.0,11.0],[""Ozone"",10.0,56.0]]"
26.6028,-81.8789,0.0,1.3758948E9,Winkler_Pump_Station,"[[""PM10_mass"",7.5,61.8],[""PM2_5_mass"",2.7,21.2]]"
48.4772,-120.1906,536.2,1.3758948E9,Winthrop_Chewuch_Rd,"[[""PM2_5_mass"",3.8,11.7]]"
38.6619,-121.7278,0.0,1.3758948E9,Woodland,"[[""Wind_Speed"",0.5,4.1],[""Wind_Direction"",10.0,356.0],[""Barometric_Pressure"",1008.1,1014.2],[""PM2_5_mass"",-1.0,8.0],[""Ambient_Temperature"",12.0,32.0],[""Ozone"",2.0,54.0]]"
30.3942,-87.0081,0.0,1.3758948E9,Woodlawn,"[[""PM2_5_mass"",-0.9,20.8],[""Ozone"",8.0,48.0]]"
42.2742,-71.8758,0.0,1.3758948E9,Worcester,"[[""Solar_Radiation"",-2.0,828.0],[""Ambient_Temperature"",12.0,26.0],[""Wind_Speed"",1.2,4.8],[""Wind_Direction"",172.0,290.0],[""Relative_Humidity"",42.0,93.0],[""Barometric_Pressure"",973.1,985.1],[""Nitrogen_Dioxide_Computed_Nitrogen_Oxides_Nitric_Oxide_"",0.0,18.0],[""Carbon_Monoxide"",0.3,0.5],[""Sulfur_Dioxde"",3.4,4.2],[""Nitrogen_Oxides"",1.0,31.0],[""Nitric_Oxide"",-1.0,13.0],[""PM2_5_mass"",-2.2,15.1],[""Ozone"",20.0,55.0]]"
29.170799,-82.1008,0.0,1.3758948E9,YMCA_Marion_County,"[[""PM2_5_mass"",-2.2,33.0],[""Ozone"",1.0,29.0]]"
39.9653,-76.6994,0.0,1.3758948E9,YORK,"[[""PM2_5_mass"",0.0,15.2],[""Ozone"",1.0,62.0]]"
42.24,-83.5997,0.0,1.3758948E9,YPSILANTI,"[[""PM2_5_mass"",2.6,16.0],[""Ambient_Temperature"",16.2,28.7],[""Wind_Speed"",0.4,2.8],[""Wind_Direction"",3.3,356.1],[""Ozone"",6.0,48.0]]"
45.863899,-122.410889,212.9,1.3758948E9,Yacolt_Yacolt_Rd,"[[""PM2_5_mass"",1.6,6.8]]"
46.594952,-120.512283,326.0,1.3758948E9,Yakima_4th_Ave,"[[""PM2_5_mass"",0.0,21.7]]"
39.472436,-84.394952,0.0,1.3758948E9,Yankee_Road,"[[""Sulfur_Dioxde"",0.0,11.0],[""Wind_Speed"",0.5,3.2],[""Wind_Direction"",1.0,354.0],[""PM2_5_mass"",5.5,48.7]]"
39.80834,-83.88711,293.1,1.3758948E9,Yellow_Springs,"[[""PM2_5_mass"",4.0,27.7]]"
33.9283,-85.0453,0.0,1.3758948E9,Yorkville,"[[""PM2_5_mass"",2.3,33.0],[""Ambient_Temperature"",19.7,29.4],[""Wind_Speed"",0.4,4.0],[""Wind_Direction"",42.0,346.0],[""Relative_Humidity"",61.0,98.0],[""Barometric_Pressure"",970.0,975.0],[""Solar_Radiation"",1.0,805.0],[""Ozone"",3.0,40.0]]"
39.1389,-121.6175,0.0,1.3758948E9,Yuba_City,"[[""Nitrogen_Oxides"",2.2,9.5],[""Nitric_Oxide"",-0.2,2.9],[""PM2_5_mass"",-2.0,20.0],[""Nitrogen_Dioxide_Computed_Nitrogen_Oxides_Nitric_Oxide_"",2.0,7.0],[""Ozone"",5.0,49.0]]"
46.0419,-72.66,53.4,1.3758948E9,Z_phirin,"[[""PM2_5_mass"",1.0,19.0],[""Ozone"",10.0,58.0]]"
37.1983,-113.1506,0.0,1.3758948E9,Zion_NP,"[[""Solar_Radiation"",0.0,0.0],[""Precipitation"",0.0,0.0],[""PM2_5_mass"",69.6,69.6],[""Ambient_Temperature"",18.8,34.1],[""Wind_Speed"",0.8,6.5],[""Relative_Humidity"",8.0,49.0],[""Ozone"",33.0,58.0]]"
27.8928,-82.5383,3.1,1.3758948E9,gandy,"[[""PM2_5_mass"",0.0,25.1],[""Ozone"",6.0,63.0]]"
